Township,Area,State,Tenure,Type,Median_Price,Median_PSF,Transactions
763,283,8,0,31,331800.0,304.0,593
139,149,0,0,11,590900.0,322.0,519
1299,61,9,0,31,229954.0,130.0,414
760,42,5,0,31,255600.0,218.0,391
1296,282,9,2,31,219300.0,168.0,363
1183,285,0,0,35,738000.0,328.0,349
1278,188,0,0,31,345000.0,323.0,319
1298,289,9,2,34,236594.0,126.0,309
143,100,5,0,31,180000.0,188.0,301
102,117,14,0,31,793888.0,496.0,292
1189,42,5,2,31,128730.0,92.0,288
1026,96,0,0,31,695000.0,425.0,259
1402,177,6,2,31,359000.0,194.0,210
109,285,0,0,35,750000.0,450.0,203
1752,249,0,0,31,394000.0,307.0,202
1219,107,0,0,31,450000.0,326.0,195
1502,38,0,0,34,400000.0,214.0,193
1256,126,0,2,31,170800.0,125.0,188
1011,299,0,0,31,832000.0,471.0,184
1382,249,0,2,31,672000.0,396.0,183
1041,126,0,0,8,343400.0,140.0,181
1562,188,0,0,34,380000.0,387.0,177
81,198,0,0,31,500000.0,392.0,173
1095,285,0,0,11,504000.0,331.0,172
391,96,0,0,31,1180000.0,500.0,171
204,233,14,0,5,290000.0,232.0,166
272,249,0,0,30,452900.0,602.0,165
87,60,9,0,35,472800.0,235.0,164
1136,285,0,0,34,930000.0,470.0,163
1410,181,0,0,31,80000.0,74.0,156
76,149,0,1,11,553200.0,297.0,155
968,156,6,2,31,476240.0,310.0,152
1446,197,0,0,31,527500.0,286.0,152
491,188,0,0,31,551650.0,384.0,149
401,149,0,0,31,680000.0,377.0,145
1062,233,14,2,31,200000.0,186.0,144
1601,192,8,0,31,307000.0,277.0,141
1598,124,14,0,31,450000.0,357.0,141
962,268,5,0,35,298800.0,194.0,140
779,240,14,0,24,495000.0,308.0,140
1507,299,0,0,31,450000.0,294.0,138
1604,180,1,0,35,199800.0,143.0,136
1769,188,0,0,5,397800.0,258.0,135
85,248,9,0,11,245000.0,139.0,128
1663,126,0,0,31,419444.0,200.0,124
150,94,14,0,34,913800.0,432.0,123
1729,54,5,2,31,270000.0,175.0,123
633,124,14,0,31,350000.0,252.0,122
1751,249,0,0,31,530000.0,322.0,122
333,240,14,0,31,1060888.0,550.0,120
1635,285,0,0,31,610000.0,382.0,118
777,240,14,2,31,472800.0,309.0,118
981,38,0,0,31,618500.0,388.0,118
1554,126,0,0,31,150000.0,107.0,117
351,249,0,0,16,140000.0,283.0,117
524,188,0,0,31,580000.0,414.0,115
1647,249,0,0,31,435000.0,325.0,114
1378,249,0,0,10,1114310.0,483.0,114
200,233,14,0,31,300000.0,222.0,113
1545,164,0,0,31,430000.0,279.0,111
813,274,0,0,11,911890.0,435.0,110
233,94,14,0,31,509800.0,392.0,109
13,238,14,0,31,872999.0,496.0,109
1564,132,0,2,31,80000.0,104.0,105
486,29,14,0,24,180000.0,129.0,104
120,65,14,0,37,640000.0,422.0,103
626,248,9,0,31,270610.0,193.0,102
119,276,14,0,31,400000.0,258.0,102
579,98,3,0,30,580000.0,611.0,102
12,240,14,0,31,887800.0,488.0,99
320,51,3,0,30,1482000.0,1664.0,94
165,212,14,2,31,400000.0,281.0,93
173,26,14,0,31,1510000.0,849.0,92
618,234,9,2,31,145000.0,104.0,92
972,285,0,0,34,781000.0,493.0,92
1489,249,0,0,34,460000.0,321.0,92
80,95,9,2,31,588800.0,369.0,91
1508,126,0,0,31,250750.0,119.0,89
262,226,0,0,31,839000.0,591.0,89
1103,278,5,0,22,453000.0,185.0,89
1532,132,0,2,31,246600.0,160.0,89
1491,249,0,0,34,564230.0,252.0,88
456,124,14,0,35,804000.0,446.0,88
1275,132,0,0,31,713000.0,405.0,87
330,152,6,0,31,400000.0,267.0,87
154,104,6,0,31,220000.0,179.0,86
1174,255,8,0,35,675000.0,241.0,85
1661,33,14,0,31,450000.0,556.0,85
352,70,14,2,0,380000.0,447.0,85
1282,145,7,2,31,582222.0,334.0,84
1363,114,9,2,31,300000.0,214.0,83
753,232,6,0,31,775800.0,464.0,83
1623,248,9,0,31,250000.0,179.0,82
1254,95,9,2,31,260000.0,186.0,82
1640,189,6,0,31,250000.0,183.0,82
627,145,7,2,31,431167.0,271.0,82
201,240,14,0,25,980000.0,437.0,81
187,123,15,0,24,320000.0,126.0,81
179,104,6,0,31,675888.0,483.0,80
112,222,0,0,31,349350.0,208.0,80
105,212,14,0,35,420000.0,313.0,79
875,107,0,0,30,1386800.0,1270.0,79
607,145,7,2,31,325000.0,232.0,78
329,152,6,0,31,380000.0,267.0,78
1514,149,0,0,31,450000.0,292.0,78
1077,107,0,0,35,609000.0,327.0,78
94,107,0,3,31,500000.0,279.0,78
142,276,14,2,31,450000.0,339.0,78
1496,235,14,2,31,580000.0,400.0,78
1384,208,6,0,31,522000.0,368.0,77
725,88,1,0,31,232000.0,141.0,76
1340,164,0,0,35,436440.0,320.0,76
1546,233,14,0,31,437100.0,357.0,75
798,71,14,0,31,828888.0,532.0,75
640,253,14,0,31,855000.0,448.0,75
967,263,1,0,31,276800.0,230.0,74
458,240,14,0,31,844000.0,417.0,74
137,124,14,0,31,682500.0,434.0,74
129,205,14,0,31,725000.0,513.0,74
1476,107,0,0,19,1110900.0,535.0,74
1121,107,0,0,31,440000.0,338.0,73
490,96,0,0,31,650000.0,389.0,73
1429,299,0,0,35,600000.0,308.0,73
1504,180,1,0,31,204000.0,159.0,72
1595,189,6,0,31,279000.0,192.0,72
552,113,14,2,30,299000.0,503.0,72
482,161,1,0,19,516888.0,227.0,71
1518,86,9,0,31,268000.0,192.0,71
523,120,8,0,31,613000.0,366.0,71
635,20,14,2,11,400000.0,288.0,71
646,27,14,0,30,432000.0,508.0,71
1610,285,0,0,34,719000.0,464.0,70
155,263,1,0,31,260000.0,177.0,70
86,21,14,0,31,894000.0,564.0,70
1107,299,0,0,31,495000.0,357.0,70
107,65,14,0,31,775000.0,543.0,70
795,145,7,2,31,388000.0,231.0,69
1428,107,0,0,24,750000.0,325.0,69
1637,126,0,0,35,150000.0,107.0,69
104,285,0,0,10,828000.0,345.0,69
806,238,14,0,35,930000.0,584.0,69
324,96,0,0,31,1260000.0,580.0,68
1490,249,0,0,34,550000.0,426.0,68
363,113,14,0,38,768800.0,542.0,67
1248,141,6,0,31,298000.0,192.0,67
406,152,6,0,31,584999.0,417.0,67
149,95,9,1,35,496800.0,344.0,67
1258,117,14,0,31,427500.0,403.0,66
1127,158,6,0,31,180000.0,131.0,66
545,24,14,2,0,400000.0,516.0,66
998,288,14,2,31,455000.0,287.0,65
164,44,14,0,29,400000.0,293.0,64
1475,95,9,2,31,487800.0,349.0,64
1173,234,9,2,34,240000.0,175.0,64
1747,271,3,0,31,1585000.0,768.0,64
1228,116,9,2,31,171000.0,131.0,63
160,23,14,0,31,690000.0,440.0,63
88,252,3,2,35,845000.0,511.0,63
68,263,1,0,24,215000.0,166.0,63
235,95,9,2,31,228000.0,156.0,62
115,285,0,0,34,1201200.0,549.0,62
115,299,0,0,31,620000.0,501.0,62
1675,240,14,0,31,330000.0,321.0,61
1437,194,0,2,31,80000.0,67.0,60
1156,152,6,0,38,280000.0,207.0,60
1369,107,0,0,31,600000.0,322.0,60
15,27,14,0,34,857000.0,416.0,60
159,233,14,2,31,300000.0,188.0,60
900,99,3,0,14,650000.0,619.0,60
1533,263,1,0,31,220000.0,152.0,59
459,31,14,2,31,590000.0,272.0,59
1550,130,13,1,31,300000.0,168.0,59
1748,172,13,2,31,288000.0,182.0,59
749,99,3,0,14,850000.0,669.0,59
805,225,14,0,31,670000.0,354.0,58
829,200,14,0,31,1120000.0,625.0,58
19,124,14,0,20,1590000.0,546.0,58
162,244,8,0,31,425000.0,270.0,58
327,44,14,0,11,854000.0,431.0,58
1726,126,0,0,31,614000.0,258.0,58
1284,133,5,0,31,405800.0,290.0,57
1227,269,9,0,31,299000.0,203.0,57
1494,126,0,0,31,538000.0,253.0,57
1392,96,0,0,31,600000.0,464.0,57
117,263,1,0,31,400000.0,264.0,57
644,127,14,2,14,530000.0,525.0,57
1441,248,9,2,31,116000.0,50.0,56
148,164,0,0,31,496500.0,305.0,56
113,42,5,2,31,230435.0,150.0,56
189,120,8,0,11,310000.0,260.0,55
134,263,1,0,31,228000.0,200.0,55
1372,285,0,0,35,700000.0,441.0,55
724,176,8,0,20,960000.0,274.0,55
1116,56,8,0,19,900000.0,311.0,54
484,95,9,2,35,499800.0,357.0,54
99,124,14,0,31,767500.0,468.0,54
1691,132,0,0,31,380000.0,271.0,54
67,263,1,0,31,230000.0,165.0,54
851,301,3,2,16,224500.0,380.0,54
540,185,12,2,0,115000.0,218.0,54
1474,287,6,0,31,230000.0,177.0,53
462,92,15,1,5,200000.0,62.0,53
943,160,9,2,31,155500.0,120.0,53
1498,170,5,0,31,179800.0,127.0,53
1403,96,0,0,31,420000.0,372.0,53
1394,96,0,0,31,540000.0,363.0,53
804,238,14,0,3,2450000.0,534.0,53
166,156,6,0,2,435000.0,105.0,53
1598,107,0,0,24,700000.0,321.0,53
1305,276,14,2,31,410000.0,282.0,53
21,233,14,0,31,452000.0,385.0,52
1049,208,6,0,31,80000.0,67.0,52
457,212,14,0,35,795000.0,383.0,52
1345,297,14,0,35,686000.0,483.0,51
199,263,1,0,45,499900.0,267.0,51
141,225,14,0,31,400000.0,292.0,51
276,69,3,0,3,3600000.0,700.0,51
1389,231,6,2,31,411800.0,317.0,50
937,216,14,2,11,250000.0,179.0,50
1005,278,5,0,31,180000.0,138.0,50
1421,188,0,0,31,375000.0,273.0,50
132,124,14,2,31,411640.0,344.0,50
1246,186,9,2,31,368800.0,267.0,50
539,96,0,0,14,814800.0,505.0,50
45,65,3,0,14,600000.0,648.0,50
144,221,8,2,31,280000.0,294.0,49
20,233,14,0,31,430000.0,332.0,49
1698,249,0,0,31,400000.0,283.0,49
935,188,0,2,24,270000.0,245.0,49
1684,149,0,0,31,499000.0,382.0,49
1311,235,14,2,31,508000.0,338.0,49
567,96,0,0,24,770000.0,485.0,49
1070,95,9,1,31,199000.0,202.0,49
404,152,6,0,31,559444.0,379.0,48
979,152,6,0,31,80000.0,67.0,48
138,205,14,0,31,1225000.0,620.0,48
450,121,3,3,31,667500.0,445.0,48
116,18,14,0,31,1415000.0,621.0,48
1536,263,1,0,31,197500.0,146.0,48
1064,188,0,2,31,300000.0,381.0,48
575,96,0,0,30,360000.0,386.0,48
1347,84,0,0,31,165000.0,100.0,47
1770,95,9,2,31,303800.0,226.0,47
14,94,14,2,31,310000.0,189.0,47
1285,133,5,2,31,290000.0,223.0,47
934,285,0,0,34,1000000.0,387.0,47
987,273,6,0,24,299473.0,145.0,47
1849,7,8,0,16,170000.0,243.0,47
1068,11,6,2,31,249000.0,192.0,46
1318,180,1,0,31,270000.0,208.0,46
1041,38,0,0,31,390000.0,253.0,46
1484,205,14,0,31,600000.0,454.0,46
1905,253,14,0,31,765000.0,482.0,46
1151,38,0,0,31,420000.0,244.0,46
1295,180,1,0,31,292500.0,214.0,46
554,107,0,0,30,580000.0,536.0,46
695,112,3,0,30,1453150.0,1827.0,46
1557,248,9,2,24,329890.0,279.0,45
526,95,9,2,31,340194.0,235.0,45
1736,149,0,0,31,330000.0,273.0,45
1587,117,14,0,31,358000.0,254.0,45
1276,132,0,0,24,310000.0,198.0,45
1590,226,0,0,31,170000.0,110.0,45
625,159,6,0,31,287850.0,210.0,45
1566,226,0,0,31,480000.0,446.0,45
380,7,8,0,16,180000.0,335.0,45
762,231,6,0,31,380000.0,272.0,44
174,30,14,0,34,232500.0,208.0,44
1058,299,0,0,31,380000.0,366.0,44
632,149,0,0,31,520000.0,346.0,43
172,234,9,2,35,250000.0,175.0,43
797,225,14,0,31,781800.0,445.0,43
1772,145,7,0,31,185000.0,158.0,43
170,65,14,0,35,800000.0,390.0,43
1022,188,0,1,31,480000.0,353.0,43
1032,274,0,0,31,480000.0,291.0,43
1513,205,14,0,31,780000.0,454.0,43
284,177,6,0,31,718000.0,511.0,42
1089,249,0,0,31,325000.0,387.0,42
1901,253,14,0,31,900000.0,513.0,42
1763,260,8,0,31,260000.0,224.0,42
110,208,6,0,31,235789.0,145.0,42
382,274,0,0,30,391500.0,485.0,42
580,98,3,0,5,923000.0,519.0,41
1420,126,0,0,31,150000.0,107.0,41
1731,42,5,0,31,497000.0,337.0,41
1267,95,9,2,31,403000.0,229.0,41
1042,224,14,0,31,310281.0,56.0,41
731,263,1,0,31,27049.0,43.0,41
984,263,1,0,31,200000.0,151.0,41
1898,107,0,0,31,809662.0,487.0,41
565,177,6,0,31,639888.0,383.0,41
1236,117,14,0,31,473000.0,354.0,40
1775,152,6,0,31,512650.0,350.0,40
1115,244,8,0,8,880000.0,314.0,40
97,124,14,0,8,1449665.0,620.0,40
1681,194,0,2,31,525000.0,375.0,40
149,246,9,1,31,448800.0,288.0,40
1525,30,14,2,31,250000.0,187.0,40
1135,278,5,2,31,260000.0,181.0,39
1066,95,9,1,36,425000.0,171.0,39
1501,35,9,2,31,330880.0,236.0,39
514,230,14,2,31,555210.0,463.0,39
184,248,9,0,31,245000.0,205.0,39
1270,126,0,0,24,199900.0,110.0,39
1349,126,0,0,31,379000.0,237.0,39
732,148,13,2,31,200000.0,195.0,39
1492,249,0,0,31,595000.0,340.0,39
1713,197,0,0,31,780000.0,306.0,39
769,200,14,0,6,948000.0,464.0,39
1824,65,14,2,16,185000.0,313.0,39
1919,65,14,0,14,250000.0,162.0,39
381,164,0,0,30,631950.0,530.0,39
899,65,3,2,0,280000.0,433.0,39
1029,54,5,2,24,488000.0,338.0,38
385,98,3,3,31,912500.0,445.0,38
186,95,9,0,31,335000.0,238.0,38
1359,150,1,0,31,462000.0,330.0,38
531,225,14,0,31,547770.0,391.0,38
495,95,9,1,31,458880.0,298.0,38
148,188,0,0,31,340000.0,361.0,38
1468,95,9,0,8,688000.0,262.0,38
140,120,8,0,34,350000.0,275.0,38
1488,249,0,0,34,655000.0,329.0,38
437,122,15,1,24,350000.0,108.0,38
1415,2,14,2,38,522500.0,511.0,38
757,113,14,0,32,540000.0,330.0,38
1163,299,0,0,8,1034400.0,409.0,38
586,145,7,0,31,271790.0,174.0,38
761,212,14,0,31,504339.0,403.0,37
820,248,9,0,31,435000.0,288.0,37
1370,8,5,0,31,435800.0,312.0,37
1148,47,9,2,31,90000.0,75.0,37
805,44,14,0,11,680000.0,419.0,37
1699,107,0,0,31,680000.0,336.0,37
103,124,14,0,31,750000.0,468.0,37
1234,263,1,0,31,200000.0,152.0,37
177,39,8,2,12,570000.0,376.0,37
1374,149,0,0,31,290000.0,342.0,37
101,205,14,0,31,640000.0,418.0,37
69,263,1,0,19,320000.0,136.0,37
748,7,8,2,16,72000.0,188.0,37
1856,285,0,0,30,380000.0,365.0,37
656,24,14,2,0,210000.0,235.0,37
341,7,8,0,16,130000.0,254.0,37
534,39,8,2,16,156000.0,308.0,37
279,240,14,0,31,900000.0,446.0,36
323,238,14,0,3,1880000.0,708.0,36
790,71,14,2,31,1042000.0,573.0,36
1179,222,0,2,31,117500.0,81.0,36
180,104,6,0,31,700888.0,483.0,36
73,47,9,2,31,268000.0,187.0,36
407,152,6,0,31,628888.0,444.0,36
1114,130,13,2,35,380000.0,175.0,36
1903,253,14,0,31,745000.0,450.0,36
1594,228,0,0,31,150000.0,107.0,36
332,240,14,0,35,921500.0,547.0,36
1714,249,0,0,11,1065000.0,474.0,36
135,263,1,0,31,275000.0,180.0,36
487,94,14,2,31,455000.0,325.0,36
518,148,13,2,25,350000.0,151.0,36
98,100,5,0,31,120700.0,100.0,35
1463,282,9,2,31,169000.0,121.0,35
1771,95,9,2,31,298800.0,226.0,35
1576,150,1,0,31,542200.0,387.0,35
578,4,6,0,31,669000.0,454.0,35
1418,230,14,0,2,400000.0,109.0,35
802,78,0,0,31,527680.0,403.0,35
1683,149,0,0,31,380000.0,273.0,35
1396,96,0,0,19,780000.0,368.0,35
1313,265,9,2,31,267284.0,175.0,35
1242,249,0,0,22,1000000.0,427.0,35
325,94,14,2,5,700000.0,438.0,35
1238,263,1,0,35,250000.0,153.0,35
1535,263,1,0,31,210000.0,155.0,35
598,95,9,0,31,568000.0,289.0,35
1537,263,1,0,31,250000.0,158.0,35
1704,288,14,2,24,454220.0,258.0,35
223,128,12,2,0,250000.0,415.0,35
475,274,0,2,0,380000.0,443.0,35
258,193,12,0,0,240000.0,480.0,35
273,5,14,0,14,443000.0,420.0,35
1405,71,14,2,31,1450000.0,944.0,34
1738,8,5,0,11,269100.0,175.0,34
1048,170,5,0,31,311650.0,186.0,34
127,263,1,0,31,271000.0,175.0,34
1668,126,0,0,31,307500.0,210.0,34
173,263,1,0,32,262500.0,164.0,34
11,65,3,2,31,859000.0,458.0,34
1368,65,3,0,31,815000.0,490.0,34
1092,288,14,0,31,435000.0,293.0,34
106,95,9,2,19,609000.0,252.0,34
1112,164,0,0,31,450000.0,306.0,34
1697,223,3,0,31,495000.0,663.0,34
1393,96,0,0,31,810000.0,407.0,34
156,284,12,2,31,385000.0,169.0,34
1925,301,3,0,14,500000.0,386.0,34
1850,7,8,2,16,165000.0,272.0,34
502,285,0,0,0,293000.0,359.0,34
10,65,14,0,14,970000.0,801.0,34
1924,249,0,0,0,300000.0,336.0,34
816,164,0,0,34,495000.0,361.0,33
1035,121,3,2,31,890000.0,456.0,33
1761,4,6,0,26,433680.0,279.0,33
802,249,0,0,31,650000.0,429.0,33
1880,249,0,0,0,650000.0,516.0,33
1862,249,0,3,30,365000.0,437.0,33
1793,274,0,2,16,136000.0,246.0,33
1521,58,5,1,31,295000.0,164.0,32
828,253,14,0,35,505000.0,541.0,32
835,200,14,0,32,1565000.0,423.0,32
194,18,14,0,31,885000.0,540.0,32
961,42,5,2,2,632000.0,136.0,32
1908,253,14,0,31,694000.0,536.0,32
289,209,14,2,35,439928.0,125.0,32
786,240,14,2,31,740000.0,390.0,32
1575,150,1,0,31,275000.0,189.0,32
322,96,0,0,24,1344000.0,340.0,32
1141,148,13,2,31,180000.0,174.0,32
638,205,14,0,31,762500.0,531.0,32
1670,247,0,2,2,335000.0,95.0,32
1616,77,5,2,31,268000.0,157.0,32
1297,149,0,0,35,589000.0,328.0,32
1143,285,0,0,31,880000.0,523.0,32
191,188,0,0,31,460000.0,384.0,32
856,173,3,0,14,2380000.0,801.0,32
0,26,14,0,14,1269000.0,566.0,32
666,240,14,0,0,220000.0,292.0,32
378,23,14,0,14,550000.0,543.0,32
887,274,0,2,0,380000.0,357.0,32
1563,75,5,0,31,267000.0,226.0,31
1301,95,9,2,31,399880.0,207.0,31
1014,47,9,2,31,185000.0,132.0,31
971,95,9,2,31,90000.0,102.0,31
1362,95,9,0,31,406700.0,305.0,31
637,234,9,2,31,343040.0,245.0,31
1741,117,14,0,31,397000.0,300.0,31
1381,38,0,0,35,573000.0,206.0,31
1679,249,0,2,31,618000.0,440.0,31
1899,241,13,2,31,430000.0,173.0,31
1459,95,9,2,24,280000.0,174.0,31
1204,208,6,0,35,472910.0,331.0,31
1688,56,8,0,35,400000.0,179.0,31
1083,65,14,0,31,445000.0,361.0,31
792,198,0,0,24,1680000.0,557.0,31
152,241,13,2,31,200000.0,130.0,31
740,173,3,0,14,2200000.0,1074.0,31
350,197,0,0,16,150000.0,273.0,31
25,107,0,0,30,360000.0,506.0,31
1268,126,0,0,35,176500.0,215.0,30
1538,88,1,0,35,210000.0,136.0,30
832,200,14,0,31,1565000.0,656.0,30
1609,124,14,2,24,475000.0,287.0,30
1516,246,9,2,31,85000.0,65.0,30
1067,1,1,0,19,300000.0,117.0,30
147,249,0,0,31,462500.0,323.0,30
126,124,14,0,31,879000.0,430.0,30
1201,95,9,0,31,347500.0,196.0,30
1323,9,5,2,31,296500.0,243.0,30
1473,13,5,1,31,325000.0,201.0,30
1241,285,0,0,11,644000.0,333.0,30
1417,2,14,2,31,722500.0,484.0,30
1159,90,7,2,31,181500.0,141.0,30
1561,220,14,2,31,497500.0,282.0,30
196,123,15,0,31,274850.0,177.0,30
335,252,3,2,14,550000.0,482.0,30
1859,107,0,0,30,2386358.0,1055.0,30
1888,52,3,0,14,628000.0,493.0,30
902,82,8,2,0,260000.0,402.0,30
1221,108,6,0,31,249800.0,158.0,29
1344,160,9,0,31,420000.0,270.0,29
597,95,9,2,31,435000.0,306.0,29
942,11,6,2,31,239999.0,184.0,29
1709,264,5,0,8,367000.0,136.0,29
1346,107,0,0,20,980000.0,275.0,29
1196,126,0,0,31,220000.0,188.0,29
1133,6,10,0,24,414428.0,205.0,29
1442,283,8,0,31,343800.0,157.0,29
425,113,14,0,23,2330000.0,495.0,29
408,101,8,0,31,1000000.0,632.0,29
850,301,3,2,16,220000.0,414.0,29
1827,196,8,2,16,100000.0,168.0,29
1896,107,0,0,30,586000.0,641.0,29
1544,276,14,2,31,760000.0,500.0,28
175,27,14,0,31,607500.0,418.0,28
1015,47,9,2,31,245000.0,175.0,28
190,120,8,0,32,618744.0,271.0,28
1943,263,1,0,31,200000.0,143.0,28
1281,132,0,0,31,424150.0,275.0,28
496,261,7,2,31,315000.0,205.0,28
364,149,0,0,31,685000.0,457.0,28
75,114,9,2,31,272500.0,195.0,28
630,296,9,0,31,467500.0,211.0,28
1424,190,5,0,7,627500.0,158.0,28
1722,278,5,2,44,300000.0,197.0,28
1651,241,13,2,31,377500.0,179.0,28
1558,205,14,3,31,531000.0,374.0,28
490,249,0,0,31,650000.0,426.0,28
1264,95,9,0,31,317600.0,209.0,28
1235,263,1,0,31,215000.0,176.0,28
1445,117,14,2,31,371159.0,298.0,28
1047,263,1,0,19,300000.0,114.0,28
1037,113,14,0,31,470000.0,328.0,28
122,205,14,2,31,925000.0,547.0,28
930,148,13,2,35,625000.0,216.0,28
492,78,0,0,42,650000.0,422.0,28
1395,188,0,0,31,365000.0,309.0,28
1191,218,12,2,31,395000.0,256.0,28
93,293,9,2,31,263000.0,190.0,28
736,301,3,0,0,231000.0,390.0,28
574,96,0,0,0,415000.0,451.0,28
663,274,0,2,0,285000.0,297.0,28
558,56,8,0,14,260000.0,351.0,28
500,144,15,2,0,232000.0,276.0,28
861,299,0,0,0,35000.0,50.0,28
1791,240,14,0,16,207500.0,287.0,28
348,237,3,0,16,207500.0,326.0,28
958,210,6,0,31,80000.0,67.0,27
1252,142,14,0,31,308000.0,258.0,27
818,280,9,2,31,180000.0,117.0,27
1225,114,9,2,35,269800.0,123.0,27
1034,211,7,2,31,297600.0,208.0,27
334,67,14,0,35,1450000.0,457.0,27
1618,176,8,0,20,520000.0,185.0,27
807,238,14,0,31,705000.0,538.0,27
1707,117,14,0,31,450000.0,346.0,27
1530,212,14,0,31,460000.0,322.0,27
1265,60,9,0,31,398800.0,279.0,27
1579,224,14,2,19,450000.0,204.0,27
1129,124,14,3,31,548000.0,395.0,27
70,263,1,0,32,240000.0,168.0,27
1124,59,8,1,38,350000.0,396.0,27
1193,273,6,0,31,285000.0,173.0,27
606,204,14,0,31,420000.0,249.0,27
1858,237,3,0,0,250000.0,373.0,27
852,240,14,2,16,185000.0,292.0,27
33,124,14,0,0,380000.0,505.0,27
1792,233,14,2,16,130000.0,187.0,27
193,18,14,0,31,702500.0,434.0,26
405,152,6,0,31,603444.0,424.0,26
286,95,9,0,8,338000.0,270.0,26
1263,95,9,0,31,513967.0,364.0,26
1687,249,0,0,31,540000.0,344.0,26
1188,47,9,1,31,248960.0,162.0,26
1086,274,0,2,31,300000.0,288.0,26
1582,284,12,2,34,200000.0,205.0,26
1333,188,0,2,31,390000.0,313.0,26
782,27,14,2,32,535000.0,279.0,26
1017,167,9,2,31,408000.0,372.0,26
1900,130,13,0,31,510000.0,238.0,26
133,263,1,0,31,300000.0,162.0,26
82,95,9,1,31,212500.0,159.0,26
77,164,0,0,31,335000.0,391.0,26
1429,285,0,0,31,904900.0,497.0,26
1503,107,0,0,31,625000.0,343.0,26
1021,62,5,0,31,370000.0,256.0,26
1027,299,0,0,31,460000.0,310.0,26
136,263,1,0,24,370000.0,118.0,26
22,258,14,0,20,1703888.0,529.0,26
163,35,9,2,31,440300.0,270.0,26
957,210,6,0,31,205000.0,172.0,26
1243,150,1,0,24,300000.0,207.0,26
1435,4,6,0,31,487910.0,349.0,26
1512,235,14,2,31,722500.0,342.0,26
1140,194,0,2,35,330000.0,251.0,26
882,274,0,0,30,445000.0,431.0,26
478,135,15,2,16,66500.0,106.0,26
34,27,14,0,14,450400.0,471.0,26
1898,249,0,0,32,600000.0,324.0,25
986,38,0,0,31,326970.0,209.0,25
1406,22,6,0,31,300000.0,207.0,25
1774,212,14,0,31,837000.0,518.0,25
1745,27,14,0,19,1068000.0,334.0,25
195,18,14,0,24,2400000.0,610.0,25
1334,211,7,0,19,420000.0,131.0,25
767,200,14,2,31,715000.0,333.0,25
1443,244,8,0,31,575000.0,374.0,25
1479,261,7,0,35,265000.0,206.0,25
123,263,1,0,35,280000.0,186.0,25
956,75,5,2,31,280000.0,213.0,25
1145,121,14,2,31,505000.0,305.0,25
1506,38,0,0,24,468000.0,286.0,25
169,276,14,2,24,1300000.0,488.0,25
1057,2,14,2,38,505000.0,442.0,25
688,56,8,0,0,180000.0,288.0,25
846,27,14,0,30,360000.0,376.0,25
413,40,8,0,16,320000.0,472.0,25
213,25,3,2,16,190000.0,282.0,25
684,26,14,2,14,480000.0,460.0,25
431,249,0,2,16,150000.0,244.0,25
1820,153,4,2,16,130000.0,169.0,25
1844,225,14,0,0,296400.0,302.0,25
1831,249,0,0,16,150000.0,228.0,25
1826,196,8,0,16,185000.0,316.0,25
680,26,14,2,0,450000.0,576.0,25
923,107,0,2,30,400000.0,426.0,25
1891,238,14,0,30,300000.0,548.0,25
741,27,14,0,14,350000.0,323.0,25
837,200,14,0,31,700000.0,378.0,24
1307,227,6,0,2,440000.0,232.0,24
331,95,9,2,8,428000.0,168.0,24
1333,218,12,2,31,325000.0,273.0,24
1553,133,5,0,32,685000.0,234.0,24
1194,196,8,0,31,514000.0,318.0,24
100,27,14,0,12,447500.0,337.0,24
1025,231,6,0,35,492500.0,276.0,24
1404,78,0,0,11,675000.0,337.0,24
1397,96,0,0,31,650000.0,427.0,24
988,29,14,0,31,315000.0,248.0,24
1208,113,14,0,31,442000.0,357.0,24
453,205,14,2,35,1890000.0,717.0,24
1391,75,5,0,10,699000.0,213.0,24
1398,4,6,0,31,382500.0,231.0,24
1753,235,14,0,35,582500.0,477.0,24
1247,50,5,0,31,380000.0,245.0,24
822,145,7,2,35,192500.0,150.0,24
1046,145,7,2,31,225000.0,173.0,24
1695,235,14,2,31,420000.0,286.0,24
766,240,14,2,6,1750000.0,452.0,24
158,117,14,2,31,260000.0,251.0,24
1333,233,14,0,31,398040.0,306.0,24
1768,279,8,0,31,3450000.0,1146.0,24
290,230,14,2,31,575000.0,437.0,24
237,42,5,2,24,645000.0,388.0,24
476,205,14,0,30,560000.0,532.0,24
705,279,8,0,0,175000.0,290.0,24
910,253,14,0,0,374000.0,368.0,24
1869,115,3,2,14,1180000.0,601.0,24
1794,188,0,2,16,130000.0,251.0,24
655,124,14,0,0,380000.0,420.0,24
3,173,3,0,14,2800000.0,839.0,24
1109,60,9,2,31,342240.0,244.0,23
1765,194,0,3,31,278800.0,199.0,23
619,210,6,0,31,488000.0,349.0,23
717,210,6,0,2,620000.0,128.0,23
493,139,14,0,31,155000.0,70.0,23
776,240,14,0,35,700000.0,376.0,23
1524,95,9,2,31,368000.0,223.0,23
1776,17,6,0,31,570000.0,264.0,23
1043,258,14,0,34,700000.0,424.0,23
1764,1,1,0,31,39600.0,38.0,23
1358,32,5,2,31,300000.0,227.0,23
947,117,14,0,19,850000.0,321.0,23
799,237,3,2,8,240000.0,385.0,23
1261,60,9,2,31,200000.0,167.0,23
1914,258,14,3,5,2400000.0,570.0,23
79,212,14,2,31,642630.0,456.0,23
1237,0,5,0,31,398760.0,306.0,23
774,200,14,0,32,763000.0,493.0,23
103,183,14,0,31,686000.0,455.0,23
39,33,14,0,30,430000.0,440.0,23
399,254,8,0,16,250000.0,375.0,23
311,2,14,2,16,67000.0,102.0,23
435,235,14,2,14,450000.0,370.0,23
222,128,12,2,0,300000.0,372.0,23
886,76,3,0,30,900000.0,801.0,23
660,124,14,0,0,300000.0,310.0,23
266,107,0,0,30,550000.0,673.0,23
1874,274,0,0,30,601900.0,666.0,23
893,107,0,2,0,280000.0,292.0,23
1786,40,8,0,0,200000.0,387.0,23
859,242,6,0,0,185000.0,221.0,23
559,101,8,2,16,282000.0,452.0,23
1823,2,14,2,16,175000.0,264.0,23
1527,210,6,0,31,235000.0,182.0,22
735,145,7,2,31,80000.0,73.0,22
1166,86,9,2,31,277235.0,167.0,22
1303,95,9,0,31,459800.0,328.0,22
27,263,1,0,36,378000.0,202.0,22
1457,272,9,2,31,342500.0,216.0,22
362,85,14,0,24,1875000.0,617.0,22
293,301,3,0,31,413500.0,659.0,22
1220,108,6,0,31,81500.0,67.0,22
1099,174,0,0,31,490000.0,295.0,22
1226,114,9,2,31,259000.0,159.0,22
1352,244,8,0,31,297500.0,291.0,22
1671,168,7,0,31,170000.0,160.0,22
1500,206,9,2,31,273800.0,229.0,22
282,94,14,0,31,467500.0,324.0,22
1343,103,14,0,31,680000.0,419.0,22
1130,11,6,0,31,300000.0,179.0,22
1571,124,14,0,31,1138000.0,582.0,22
1906,253,14,0,31,915000.0,499.0,22
1559,212,14,2,31,521000.0,315.0,22
185,296,9,0,31,252500.0,198.0,22
1351,168,7,0,31,105500.0,101.0,22
30,96,0,0,31,999000.0,569.0,22
1482,205,14,2,31,375000.0,342.0,22
1477,202,0,0,2,541600.0,150.0,22
209,198,0,0,16,172500.0,232.0,22
211,65,14,0,14,457500.0,458.0,22
700,107,0,0,0,351500.0,332.0,22
872,7,8,0,0,265000.0,425.0,22
430,113,14,0,30,688800.0,472.0,22
260,67,14,0,14,250000.0,238.0,22
737,210,6,0,16,68000.0,102.0,22
244,253,14,0,30,416500.0,550.0,22
299,274,0,0,0,420000.0,340.0,22
263,198,0,0,30,339000.0,396.0,22
895,285,0,0,16,170000.0,226.0,22
313,259,8,2,16,180000.0,328.0,22
1865,235,14,2,30,297500.0,379.0,22
1428,225,14,0,31,450000.0,301.0,21
803,67,14,0,5,1200000.0,513.0,21
427,71,14,0,8,1438800.0,616.0,21
447,240,14,0,31,828000.0,501.0,21
1080,95,9,2,34,398000.0,235.0,21
614,140,7,2,31,80000.0,61.0,21
1069,36,8,0,35,625320.0,395.0,21
1147,285,0,0,34,960000.0,530.0,21
1632,260,8,0,31,325000.0,195.0,21
985,227,6,0,31,440000.0,246.0,21
1782,145,7,1,31,195000.0,160.0,21
1106,117,14,0,31,460000.0,191.0,21
1519,248,9,0,31,288800.0,180.0,21
1511,205,14,2,31,450000.0,286.0,21
283,155,9,2,31,318880.0,267.0,21
1547,150,1,0,35,269500.0,166.0,21
463,46,15,0,33,335000.0,190.0,21
1033,55,6,0,31,380000.0,231.0,21
442,145,7,2,31,170000.0,153.0,21
1470,95,9,2,24,285000.0,171.0,21
1569,56,8,0,31,350000.0,297.0,21
451,121,3,0,31,780000.0,434.0,21
1633,237,3,0,31,600000.0,341.0,21
1937,301,3,0,31,720000.0,578.0,21
1121,121,14,2,31,500000.0,349.0,21
783,200,14,3,5,1700000.0,339.0,21
1262,95,9,2,31,300000.0,214.0,21
145,222,0,0,5,220000.0,125.0,21
1003,137,1,0,31,200000.0,229.0,21
1316,160,9,0,31,418800.0,263.0,21
153,205,14,2,44,1260000.0,571.0,21
718,95,9,2,35,255000.0,157.0,21
1624,142,14,0,31,342500.0,222.0,21
1523,278,5,0,31,240000.0,200.0,21
1430,248,9,0,19,480000.0,166.0,21
215,107,0,2,0,310000.0,343.0,21
906,198,0,0,14,495000.0,304.0,21
1819,285,0,0,16,250000.0,438.0,21
602,203,6,0,0,95000.0,126.0,21
853,301,3,2,16,210000.0,398.0,21
216,107,0,2,0,350000.0,372.0,21
866,297,14,0,14,530000.0,413.0,21
904,111,3,0,30,3715000.0,2264.0,21
538,229,3,2,30,365000.0,371.0,21
226,107,0,2,0,360000.0,335.0,21
63,2,14,2,30,330000.0,352.0,21
1835,56,8,0,16,120000.0,186.0,21
583,40,8,0,14,450000.0,492.0,21
1413,272,9,2,31,302500.0,245.0,20
833,200,14,0,31,1372500.0,797.0,20
448,240,14,0,24,909000.0,465.0,20
940,126,0,0,10,610500.0,208.0,20
1495,136,9,0,31,318000.0,196.0,20
712,156,6,0,31,529500.0,373.0,20
183,248,9,0,8,248000.0,129.0,20
1087,132,0,0,8,776900.0,320.0,20
624,107,0,0,39,320000.0,272.0,20
609,145,7,2,31,205000.0,217.0,20
92,275,0,0,34,288800.0,107.0,20
1766,186,9,1,31,366075.0,191.0,20
1175,117,14,0,31,450000.0,355.0,20
1585,71,14,3,31,669600.0,321.0,20
1312,125,5,0,31,289000.0,187.0,20
157,27,14,0,35,615000.0,335.0,20
1777,164,0,0,31,767500.0,501.0,20
599,95,9,2,8,638800.0,236.0,20
1164,274,0,0,31,432500.0,283.0,20
1611,263,1,0,31,200000.0,164.0,20
1203,95,9,0,31,397500.0,203.0,20
1721,275,0,0,31,287500.0,184.0,20
111,20,14,2,31,560000.0,341.0,20
1767,30,14,0,31,400000.0,244.0,20
1376,274,0,0,31,375000.0,406.0,20
1356,32,5,2,38,326500.0,182.0,20
801,285,0,0,31,814300.0,462.0,20
270,226,0,0,30,528900.0,520.0,20
511,107,0,2,14,485000.0,439.0,20
481,147,3,0,30,580000.0,626.0,20
672,107,0,0,30,942450.0,611.0,20
315,121,14,0,16,166500.0,253.0,20
1851,196,8,0,16,110000.0,195.0,20
898,107,0,2,0,240000.0,265.0,20
309,205,14,0,14,400000.0,340.0,20
843,236,9,0,0,223300.0,239.0,20
501,203,6,0,14,95000.0,117.0,20
747,24,14,2,14,500000.0,420.0,20
256,166,5,2,0,204500.0,336.0,20
913,253,14,0,0,376500.0,393.0,20
921,121,14,0,0,445000.0,454.0,20
429,79,8,0,0,293500.0,426.0,20
54,52,3,0,0,235000.0,352.0,20
751,163,6,0,16,70000.0,114.0,20
744,253,14,0,30,290000.0,378.0,20
1649,38,0,0,31,330000.0,208.0,19
1758,121,14,2,31,737000.0,488.0,19
358,232,6,0,31,370000.0,220.0,19
1016,48,13,0,31,80000.0,44.0,19
28,145,7,0,31,325000.0,163.0,19
393,93,9,0,35,438800.0,136.0,19
1279,56,8,0,35,470000.0,300.0,19
89,258,14,2,31,440000.0,315.0,19
1218,274,0,0,32,500000.0,259.0,19
176,28,3,0,32,1710000.0,814.0,19
1603,10,9,0,35,263800.0,169.0,19
1452,88,1,0,24,220000.0,154.0,19
1621,133,5,0,31,240000.0,197.0,19
449,148,13,2,32,420000.0,220.0,19
234,130,13,0,31,350000.0,205.0,19
527,79,8,0,5,2200000.0,465.0,19
202,124,14,0,36,960000.0,410.0,19
977,11,6,0,31,183000.0,155.0,19
1386,249,0,1,31,380000.0,292.0,19
1286,133,5,0,5,443800.0,317.0,19
811,238,14,0,31,1050000.0,608.0,19
1051,22,6,2,31,250000.0,192.0,19
1591,149,0,0,31,420000.0,260.0,19
1339,284,12,2,35,400000.0,220.0,19
1126,285,0,0,31,577150.0,372.0,19
198,28,3,0,5,2500000.0,751.0,19
1079,196,8,0,31,490000.0,265.0,19
1578,224,14,0,31,680000.0,551.0,19
955,212,14,0,31,837000.0,409.0,19
1607,165,5,0,31,200000.0,142.0,19
1269,126,0,0,31,250000.0,209.0,19
1673,231,6,0,31,250000.0,182.0,19
1556,54,5,0,37,315000.0,194.0,19
1373,2,14,2,31,500000.0,590.0,19
778,27,14,2,31,590000.0,357.0,19
1082,14,14,2,31,425000.0,249.0,19
461,71,14,0,24,500000.0,260.0,19
1504,126,0,0,31,160000.0,128.0,19
1322,148,13,2,31,248000.0,133.0,19
56,173,3,0,30,1010000.0,1106.0,19
711,164,0,0,0,265000.0,281.0,19
883,96,0,0,30,410000.0,515.0,19
1839,1,1,0,16,68000.0,124.0,19
8,173,3,0,14,2050000.0,756.0,19
701,237,3,2,18,350000.0,301.0,19
1882,101,8,2,14,520000.0,551.0,19
1931,18,14,2,0,200000.0,235.0,19
1860,229,3,0,14,760000.0,590.0,19
868,238,14,0,0,330000.0,348.0,19
1828,193,12,2,0,340000.0,336.0,19
1935,295,12,2,0,290000.0,287.0,19
854,113,14,0,0,290000.0,302.0,19
1808,193,12,2,16,190000.0,284.0,19
549,34,8,0,14,530000.0,447.0,19
682,124,14,0,0,375000.0,325.0,19
844,82,8,0,14,838000.0,623.0,19
1816,274,0,2,16,115000.0,232.0,19
49,233,14,0,16,65000.0,86.0,19
1426,203,6,0,31,195000.0,136.0,18
827,253,14,0,35,810000.0,463.0,18
823,200,14,0,5,1365000.0,310.0,18
436,225,14,0,31,869000.0,603.0,18
1207,56,8,0,19,1043800.0,336.0,18
1572,67,14,0,31,1311150.0,587.0,18
1615,276,14,2,24,386500.0,189.0,18
615,140,7,2,19,150000.0,48.0,18
604,244,8,0,35,637000.0,504.0,18
1206,56,8,0,31,788800.0,434.0,18
587,215,7,0,31,210000.0,129.0,18
192,18,14,0,31,674000.0,463.0,18
1708,264,5,2,31,304200.0,154.0,18
1778,294,14,2,41,2550000.0,580.0,18
1317,56,8,0,31,480000.0,387.0,18
1705,253,14,2,31,665000.0,370.0,18
197,65,3,2,31,493000.0,308.0,18
1643,269,9,0,31,528800.0,317.0,18
1202,95,9,2,31,234000.0,250.0,18
982,155,9,2,31,255100.0,239.0,18
84,224,14,2,31,650000.0,396.0,18
121,19,3,2,31,850000.0,599.0,18
1706,235,14,3,32,480000.0,352.0,18
1200,287,6,1,31,220000.0,154.0,18
520,60,9,0,31,235000.0,172.0,18
1460,12,0,0,31,820000.0,373.0,18
629,263,1,0,31,270000.0,179.0,18
288,71,14,2,5,402500.0,203.0,18
642,207,11,0,5,1260000.0,569.0,18
995,35,9,2,31,238000.0,154.0,18
1099,270,3,0,31,1425000.0,672.0,18
1239,274,0,0,31,390000.0,311.0,18
641,207,11,0,24,880000.0,465.0,18
1164,124,14,0,31,532500.0,323.0,18
1549,230,14,0,31,396500.0,274.0,18
1799,130,13,2,1,170000.0,259.0,18
418,198,0,2,0,375000.0,367.0,18
1790,53,8,0,16,263000.0,311.0,18
1892,107,0,0,30,395000.0,508.0,18
243,253,14,0,30,550000.0,516.0,18
1872,78,0,2,0,330000.0,325.0,18
347,240,14,0,16,169000.0,280.0,18
353,23,14,0,14,600000.0,599.0,18
433,249,0,0,16,130000.0,195.0,18
207,164,0,0,16,146000.0,228.0,18
674,274,0,2,0,183750.0,267.0,18
36,73,3,2,14,350000.0,323.0,18
46,253,14,2,16,211000.0,321.0,18
601,203,6,0,14,90500.0,138.0,18
2,173,3,0,14,3350000.0,897.0,18
651,44,14,0,16,119000.0,170.0,18
881,107,0,0,30,400000.0,459.0,18
880,96,0,0,30,550000.0,442.0,18
228,65,3,0,16,160000.0,263.0,18
1921,98,3,0,30,778800.0,1097.0,18
870,205,14,0,14,1109000.0,686.0,18
1291,150,1,0,31,320000.0,222.0,17
841,240,14,2,31,700000.0,395.0,17
831,200,14,0,31,1140000.0,689.0,17
621,24,14,2,31,940000.0,549.0,17
569,22,6,0,24,500000.0,227.0,17
326,36,8,0,31,1000000.0,556.0,17
386,224,14,2,31,1498800.0,1071.0,17
1743,71,14,0,31,250000.0,192.0,17
1287,140,7,0,31,275000.0,179.0,17
794,296,9,2,34,398888.0,285.0,17
1779,113,14,0,44,833300.0,455.0,17
1209,227,6,2,44,150000.0,153.0,17
1078,174,0,0,31,895000.0,630.0,17
1328,232,6,0,31,300000.0,200.0,17
1760,71,14,3,31,493000.0,261.0,17
815,145,7,0,31,310000.0,210.0,17
74,119,15,2,31,213000.0,113.0,17
1104,138,1,0,31,215000.0,144.0,17
788,27,14,2,31,590000.0,384.0,17
277,249,0,0,35,892000.0,531.0,17
1122,95,9,1,31,528800.0,315.0,17
1907,253,14,0,21,1600000.0,569.0,17
1455,194,0,2,31,386200.0,272.0,17
1701,174,0,0,3,394000.0,155.0,17
1172,260,8,0,31,340000.0,248.0,17
1037,274,0,0,31,540000.0,415.0,17
1565,149,0,0,34,440000.0,281.0,17
1108,177,6,0,31,350000.0,200.0,17
1657,230,14,0,24,267000.0,123.0,17
590,124,14,0,19,599800.0,248.0,17
1713,149,0,0,31,360000.0,268.0,17
24,5,14,0,5,1300000.0,729.0,17
1605,180,1,0,31,270000.0,209.0,17
1309,169,1,0,31,210000.0,150.0,17
1702,263,1,0,31,200000.0,177.0,17
576,124,14,0,31,500000.0,274.0,17
1909,253,14,0,31,850000.0,484.0,17
1480,205,14,2,31,400000.0,334.0,17
1009,278,5,0,35,344000.0,203.0,17
1233,248,9,0,31,623800.0,357.0,17
1366,124,14,0,31,450000.0,320.0,17
1756,54,5,2,3,707000.0,136.0,17
936,54,5,2,31,220000.0,159.0,17
929,148,13,0,31,700000.0,302.0,17
1329,163,6,0,24,550000.0,160.0,17
1783,65,14,0,2,2700000.0,506.0,17
1176,166,5,0,31,430000.0,279.0,17
720,241,13,2,31,380000.0,197.0,17
1224,113,14,0,38,410000.0,293.0,17
1310,262,1,0,31,230000.0,147.0,17
974,285,0,0,24,670000.0,434.0,17
685,196,8,2,16,43000.0,73.0,17
245,294,14,2,14,540000.0,464.0,17
1871,98,3,0,14,400000.0,368.0,17
338,107,0,1,0,410000.0,328.0,17
368,82,8,2,16,175000.0,342.0,17
901,99,3,0,14,710000.0,455.0,17
661,257,3,2,0,210000.0,325.0,17
743,20,14,2,0,185000.0,257.0,17
1886,198,0,0,14,640000.0,555.0,17
536,5,14,0,30,535000.0,619.0,17
713,279,8,0,14,1510000.0,967.0,17
298,270,3,2,14,395000.0,422.0,17
668,65,14,0,0,256000.0,313.0,17
548,274,0,0,0,400000.0,292.0,17
917,79,8,0,14,390000.0,420.0,17
1801,213,8,0,0,290000.0,385.0,17
867,78,0,2,0,180000.0,226.0,17
337,252,3,2,14,360000.0,319.0,17
657,56,8,0,0,130000.0,173.0,17
420,96,0,0,0,460000.0,415.0,17
264,225,14,0,0,260000.0,306.0,17
44,128,12,2,0,300000.0,353.0,17
312,177,6,0,0,180000.0,228.0,17
1840,38,0,0,16,85000.0,138.0,17
544,240,14,2,30,335000.0,586.0,17
307,270,3,0,30,480000.0,624.0,17
542,19,3,0,14,430000.0,400.0,17
469,249,0,0,16,130000.0,198.0,17
342,96,0,0,16,200000.0,266.0,17
414,198,0,2,0,290000.0,344.0,17
1787,166,5,2,16,78000.0,138.0,17
1920,173,3,0,30,719000.0,885.0,17
687,198,0,0,0,400000.0,345.0,17
686,70,14,2,14,340000.0,380.0,17
506,281,8,0,14,440000.0,396.0,17
845,68,14,2,0,220000.0,275.0,17
1881,96,0,0,30,460000.0,433.0,17
53,233,14,0,0,160000.0,198.0,17
1453,41,1,0,31,362000.0,246.0,16
1026,297,14,2,5,717500.0,548.0,16
1749,106,1,0,31,255000.0,168.0,16
824,253,14,0,24,869000.0,390.0,16
512,212,14,0,31,623400.0,360.0,16
1438,8,5,0,34,337834.0,129.0,16
387,22,6,0,31,500000.0,283.0,16
628,145,7,2,3,152660.0,51.0,16
16,20,14,2,34,522500.0,288.0,16
796,4,6,0,31,637500.0,412.0,16
1084,211,7,0,31,470000.0,285.0,16
1481,205,14,2,31,1365000.0,947.0,16
1942,263,1,0,31,405900.0,207.0,16
592,145,7,0,31,350000.0,183.0,16
1134,249,0,0,31,455000.0,222.0,16
1539,59,8,0,31,1044400.0,638.0,16
1600,124,14,0,31,539000.0,409.0,16
1110,43,7,0,31,240000.0,192.0,16
118,155,9,2,8,499440.0,232.0,16
1071,286,1,0,31,180000.0,118.0,16
1660,263,1,0,31,232500.0,159.0,16
1483,205,14,0,31,562500.0,451.0,16
232,240,14,2,31,1209750.0,533.0,16
758,94,14,2,31,500000.0,410.0,16
976,59,8,0,31,655000.0,389.0,16
1658,276,14,0,31,669000.0,328.0,16
780,240,14,0,24,487500.0,316.0,16
483,257,3,2,31,1325000.0,751.0,16
1744,102,0,0,31,385000.0,241.0,16
1680,182,0,0,35,308000.0,200.0,16
963,284,12,2,31,195000.0,117.0,16
1211,260,8,0,19,459000.0,195.0,16
72,114,9,2,31,300000.0,270.0,16
83,160,9,2,8,328000.0,156.0,16
499,128,12,2,43,1040000.0,537.0,16
1192,128,12,2,31,520000.0,335.0,16
990,38,0,0,35,300000.0,167.0,16
1574,33,14,2,31,550000.0,340.0,16
1212,288,14,0,31,385000.0,302.0,16
1293,150,1,0,35,490000.0,232.0,16
1401,96,0,0,31,498500.0,409.0,16
236,113,14,3,40,499500.0,346.0,16
1065,1,1,0,35,311111.0,206.0,16
1383,54,5,2,35,280000.0,172.0,16
1380,249,0,2,8,959000.0,420.0,16
973,285,0,0,8,1200000.0,442.0,16
1155,13,5,0,31,312000.0,203.0,16
1153,137,1,0,24,421925.0,189.0,16
1686,29,14,3,31,342500.0,220.0,16
1639,239,3,0,31,1140000.0,593.0,16
1780,127,14,2,32,2400000.0,630.0,16
1168,146,8,0,31,292500.0,241.0,16
1431,44,14,0,31,505000.0,338.0,16
388,22,6,0,31,505000.0,277.0,16
343,164,0,2,16,138000.0,193.0,16
926,33,14,2,14,380000.0,380.0,16
877,101,8,0,0,305000.0,436.0,16
1853,188,0,0,0,170000.0,177.0,16
572,177,6,0,0,100000.0,135.0,16
857,240,14,2,30,300000.0,356.0,16
891,124,14,0,16,143000.0,221.0,16
366,79,8,0,0,345000.0,486.0,16
694,237,3,2,14,520000.0,364.0,16
849,218,12,2,0,200000.0,292.0,16
699,124,14,0,0,370000.0,321.0,16
1855,25,3,2,0,290000.0,332.0,16
667,258,14,2,0,270000.0,342.0,16
765,21,14,0,0,322500.0,384.0,16
314,101,8,2,16,257500.0,423.0,16
261,67,14,0,30,250000.0,476.0,16
415,254,8,0,0,249000.0,383.0,16
1915,121,3,2,30,412500.0,774.0,16
305,40,8,0,0,345000.0,486.0,16
750,299,0,0,16,135000.0,232.0,16
679,113,14,0,14,330000.0,301.0,16
1852,212,14,2,16,215000.0,264.0,16
310,7,8,0,16,195000.0,307.0,16
1926,184,3,2,0,330000.0,406.0,16
307,101,8,0,0,307500.0,439.0,16
739,254,8,0,14,502500.0,396.0,16
373,81,7,0,0,211500.0,232.0,16
1845,193,12,2,16,250000.0,326.0,16
884,279,8,0,14,835000.0,633.0,16
864,238,14,0,0,390000.0,407.0,16
210,107,0,2,16,161500.0,289.0,16
62,285,0,0,0,330000.0,462.0,16
710,97,3,0,30,500000.0,494.0,16
861,238,14,0,0,357500.0,386.0,16
581,203,6,0,15,84000.0,111.0,16
1883,279,8,0,30,855000.0,767.0,16
302,57,8,0,0,280000.0,356.0,16
1806,150,1,0,16,120000.0,206.0,16
1807,113,14,2,16,42000.0,64.0,16
336,252,3,2,14,307500.0,320.0,16
708,193,12,0,0,294000.0,346.0,16
55,5,14,0,30,1672200.0,874.0,16
1933,121,3,2,0,379000.0,364.0,16
1469,235,14,2,32,590000.0,291.0,15
949,276,14,0,31,425000.0,278.0,15
1117,177,6,0,31,393000.0,239.0,15
1750,106,1,0,31,325000.0,182.0,15
826,253,14,0,31,880000.0,471.0,15
568,22,6,0,31,345000.0,247.0,15
390,113,14,0,35,600000.0,407.0,15
1054,249,0,3,8,1050000.0,415.0,15
589,145,7,0,31,468880.0,305.0,15
1674,117,14,0,31,610000.0,441.0,15
460,178,2,2,31,470000.0,361.0,15
1724,283,8,0,31,310000.0,294.0,15
719,172,13,2,31,338888.0,233.0,15
1629,291,7,0,31,538000.0,299.0,15
1471,71,14,0,31,737800.0,460.0,15
754,217,3,0,31,550000.0,349.0,15
1230,248,9,0,31,298800.0,193.0,15
620,145,7,0,31,335000.0,157.0,15
1198,203,6,2,31,220000.0,150.0,15
1146,107,0,2,31,778000.0,455.0,15
1592,208,6,0,2,715000.0,172.0,15
1682,154,12,2,24,550000.0,191.0,15
1024,38,0,0,31,245000.0,236.0,15
1277,166,5,2,44,470000.0,279.0,15
812,40,8,0,31,1331000.0,686.0,15
1110,56,8,0,24,499800.0,281.0,15
1335,100,5,2,11,285000.0,164.0,15
1666,126,0,0,31,250000.0,169.0,15
76,249,0,2,11,498000.0,239.0,15
1002,246,9,2,31,199000.0,204.0,15
1062,237,3,0,31,520000.0,363.0,15
634,74,15,0,3,340000.0,111.0,15
1096,263,1,0,35,260000.0,115.0,15
1324,65,3,2,31,780000.0,303.0,15
1199,289,9,3,31,476888.0,255.0,15
1728,225,14,2,31,465000.0,150.0,15
784,127,14,2,31,930000.0,528.0,15
566,249,0,0,10,1350000.0,397.0,15
1737,266,5,0,31,270000.0,175.0,15
1229,113,14,2,31,370000.0,361.0,15
1548,168,7,2,31,219000.0,157.0,15
108,159,6,0,31,459000.0,313.0,15
1399,96,0,0,31,520000.0,325.0,15
945,149,0,0,31,280000.0,253.0,15
513,212,14,2,31,585000.0,346.0,15
1712,95,9,2,31,548000.0,329.0,15
1266,95,9,2,31,320000.0,230.0,15
1043,212,14,0,31,680000.0,404.0,15
1355,292,7,0,31,200000.0,154.0,15
29,48,13,2,31,380000.0,340.0,15
1596,141,6,0,32,199000.0,127.0,15
1427,244,8,2,31,280000.0,201.0,15
1338,38,0,0,31,330000.0,195.0,15
409,101,8,0,24,1800000.0,590.0,15
1458,166,5,2,31,580000.0,402.0,15
994,124,14,0,31,560000.0,368.0,15
992,56,8,0,35,650000.0,426.0,15
1152,218,12,2,31,320000.0,222.0,15
810,238,14,0,31,802000.0,561.0,15
403,145,7,2,24,220000.0,158.0,15
903,205,14,0,0,430000.0,425.0,15
1939,72,3,0,14,1550000.0,1007.0,15
547,70,14,2,30,460000.0,445.0,15
468,233,14,0,16,50000.0,77.0,15
860,285,0,0,0,388000.0,436.0,15
658,124,14,0,0,170000.0,259.0,15
377,204,14,0,30,380000.0,492.0,15
1846,148,13,2,16,105000.0,163.0,15
61,285,0,0,0,380000.0,470.0,15
252,203,6,0,14,90000.0,124.0,15
924,205,14,0,0,320000.0,376.0,15
584,254,8,0,14,575000.0,494.0,15
738,110,3,0,30,616505.0,679.0,15
349,299,0,0,16,150000.0,228.0,15
297,296,9,0,0,163000.0,230.0,15
1837,260,8,0,16,55000.0,100.0,15
296,21,14,0,14,690000.0,452.0,15
417,253,14,0,30,595000.0,551.0,15
1809,52,3,2,0,220000.0,304.0,15
1829,89,14,0,16,225000.0,299.0,15
515,107,0,2,0,420000.0,420.0,15
557,279,8,0,14,760000.0,795.0,15
603,189,6,0,0,53000.0,130.0,15
255,203,6,2,14,160000.0,219.0,15
384,87,8,0,14,657000.0,744.0,15
303,193,12,2,0,350000.0,375.0,15
1928,130,13,2,0,180000.0,240.0,15
896,113,14,0,0,300000.0,287.0,15
562,79,8,0,14,330000.0,471.0,15
865,128,12,2,0,172000.0,265.0,15
1843,98,3,2,16,180000.0,257.0,15
1825,2,14,2,16,150000.0,232.0,15
474,52,3,0,14,380000.0,319.0,15
416,237,3,0,14,350000.0,412.0,15
692,34,8,0,0,170000.0,304.0,15
1879,98,3,0,30,650000.0,851.0,15
423,113,14,0,14,390000.0,302.0,15
308,205,14,0,0,450000.0,432.0,15
1847,249,0,0,16,140000.0,217.0,15
472,52,3,2,14,585000.0,479.0,15
249,76,3,0,14,453000.0,414.0,15
1788,59,8,0,16,115000.0,222.0,15
466,118,14,2,14,380000.0,349.0,15
295,233,14,2,0,150000.0,214.0,15
1863,254,8,0,14,538000.0,442.0,15
1866,237,3,2,30,500000.0,465.0,15
1934,235,14,2,0,310000.0,355.0,15
1897,79,8,0,14,260000.0,457.0,15
874,112,3,0,30,1000000.0,879.0,15
550,257,3,2,14,450000.0,386.0,15
582,72,3,0,14,1600000.0,1164.0,15
770,240,14,1,34,416000.0,301.0,14
455,95,9,0,31,554888.0,371.0,14
1700,174,0,0,31,489000.0,233.0,14
128,161,1,0,24,412500.0,172.0,14
1727,195,9,2,31,188000.0,157.0,14
1330,165,5,0,19,410000.0,128.0,14
1730,42,5,0,31,291230.0,182.0,14
1612,262,1,0,31,320000.0,268.0,14
1214,71,14,0,31,585000.0,418.0,14
1742,117,14,0,31,378000.0,295.0,14
964,177,6,0,31,378800.0,291.0,14
588,145,7,0,31,392000.0,276.0,14
96,138,1,0,31,237500.0,136.0,14
612,262,1,0,2,548000.0,98.0,14
1759,160,9,0,19,498800.0,178.0,14
1678,273,6,0,24,401900.0,107.0,14
623,234,9,2,31,250000.0,175.0,14
18,35,9,2,31,231300.0,145.0,14
182,248,9,0,9,240000.0,117.0,14
1050,208,6,0,19,605000.0,159.0,14
759,95,9,0,31,296800.0,254.0,14
1677,40,8,0,31,1175000.0,675.0,14
1916,232,6,0,8,550000.0,274.0,14
819,263,1,0,31,450000.0,232.0,14
1388,134,1,2,31,145000.0,101.0,14
1115,134,1,0,31,618800.0,435.0,14
441,38,0,0,35,325000.0,185.0,14
1097,126,0,0,35,314000.0,179.0,14
1100,124,14,0,31,445000.0,398.0,14
728,148,13,2,31,234000.0,133.0,14
1353,244,8,0,31,315000.0,231.0,14
1528,210,6,0,31,300000.0,182.0,14
1478,113,14,0,32,525000.0,354.0,14
1716,129,12,2,19,500000.0,238.0,14
1131,242,6,2,31,237500.0,210.0,14
1306,269,9,0,31,230000.0,192.0,14
1499,38,0,0,31,445000.0,227.0,14
1094,32,5,2,31,305000.0,227.0,14
1449,47,9,2,12,364000.0,153.0,14
978,12,0,0,31,610000.0,238.0,14
171,65,3,2,34,335000.0,298.0,14
1577,124,14,0,31,655000.0,296.0,14
1902,253,14,0,31,697500.0,552.0,14
1910,253,14,0,31,2125000.0,624.0,14
1711,266,5,0,31,290000.0,175.0,14
616,145,7,2,31,250000.0,189.0,14
1185,226,0,2,31,411000.0,142.0,14
1703,35,9,2,31,229400.0,191.0,14
636,179,9,0,31,274440.0,187.0,14
1551,33,14,2,31,550000.0,581.0,14
1642,95,9,2,35,515000.0,293.0,14
1735,174,0,0,31,865000.0,329.0,14
817,258,14,0,20,2405000.0,670.0,14
733,148,13,2,31,250000.0,198.0,14
1685,231,6,2,31,215000.0,172.0,14
1119,177,6,0,31,334500.0,210.0,14
1093,229,3,2,34,330000.0,513.0,14
1336,95,9,0,31,559000.0,336.0,14
773,200,14,0,31,885000.0,426.0,14
1321,161,1,0,31,300000.0,207.0,14
793,164,0,0,2,2125000.0,456.0,14
1283,302,0,0,31,240000.0,160.0,14
959,150,1,0,31,297000.0,216.0,14
1274,33,3,0,31,460000.0,504.0,14
426,241,13,2,31,267500.0,119.0,14
1453,262,1,0,32,240000.0,150.0,14
1250,174,0,0,31,485000.0,264.0,14
727,130,13,2,31,592500.0,213.0,14
1216,276,14,3,31,414973.0,269.0,14
1240,263,1,0,31,237500.0,182.0,14
65,152,6,0,31,623888.0,444.0,14
517,107,0,0,3,935000.0,189.0,14
954,43,7,0,31,338000.0,242.0,14
1300,155,9,2,31,280000.0,224.0,14
946,154,12,2,31,375000.0,176.0,14
1171,88,1,0,35,206500.0,107.0,14
1580,224,14,2,31,684000.0,491.0,14
617,10,9,0,31,310000.0,222.0,14
1622,56,8,0,31,311500.0,271.0,14
1720,277,5,2,31,308000.0,193.0,14
1626,117,14,0,31,410000.0,251.0,14
970,13,5,0,31,382500.0,236.0,14
1257,124,14,0,31,475000.0,232.0,14
789,240,14,2,31,700000.0,348.0,14
1802,199,8,0,16,160000.0,218.0,14
1817,57,8,0,16,100000.0,167.0,14
714,40,8,0,14,1253287.0,1066.0,14
533,224,14,2,14,350000.0,316.0,14
480,101,8,0,16,177500.0,374.0,14
1912,128,12,2,0,245000.0,400.0,14
664,113,14,0,0,310000.0,310.0,14
503,224,14,2,0,282500.0,324.0,14
301,57,8,0,16,160000.0,248.0,14
855,249,0,0,14,271000.0,268.0,14
206,172,13,2,0,260000.0,306.0,14
915,101,8,2,14,690000.0,637.0,14
421,59,8,0,0,215000.0,303.0,14
911,253,14,0,0,354000.0,378.0,14
6,96,0,0,14,370000.0,366.0,14
230,65,3,0,14,380000.0,322.0,14
254,112,3,0,30,749400.0,1200.0,14
374,124,14,0,0,217500.0,226.0,14
479,166,5,2,0,126000.0,155.0,14
879,274,0,0,30,435000.0,413.0,14
908,65,3,2,14,487500.0,407.0,14
370,237,3,2,14,204500.0,279.0,14
354,112,3,0,30,11420500.0,3017.0,14
251,95,9,0,0,137500.0,180.0,14
869,56,8,2,16,170000.0,282.0,14
669,184,3,2,14,462500.0,506.0,14
670,115,3,0,14,482500.0,437.0,14
424,50,5,0,0,332500.0,259.0,14
1923,271,3,0,14,830500.0,600.0,14
219,95,9,2,14,315000.0,259.0,14
37,235,14,0,14,393500.0,311.0,14
1785,59,8,0,16,110000.0,204.0,14
1936,27,14,0,0,316000.0,347.0,14
396,101,8,0,0,378000.0,560.0,14
890,205,14,0,0,380000.0,458.0,14
894,107,0,2,17,320000.0,350.0,14
742,76,3,0,30,1090000.0,1068.0,14
1814,56,8,0,16,71000.0,121.0,14
862,238,14,0,0,340000.0,410.0,14
677,173,3,0,14,2531000.0,968.0,14
465,118,14,2,14,400000.0,342.0,14
690,252,3,2,14,298850.0,297.0,14
306,121,14,0,0,262500.0,313.0,14
922,112,3,0,30,1853500.0,1173.0,14
1832,223,3,2,16,182500.0,195.0,14
847,107,0,2,0,395000.0,408.0,14
31,270,3,2,0,300000.0,327.0,14
1857,295,12,2,16,137000.0,215.0,14
752,299,0,0,16,157500.0,222.0,14
654,106,1,0,0,165000.0,241.0,14
1095,121,14,2,31,550000.0,515.0,13
1018,105,3,2,11,300000.0,472.0,13
66,164,0,0,31,688000.0,364.0,13
1167,218,12,2,31,430000.0,208.0,13
1454,297,14,0,31,450000.0,439.0,13
1055,240,14,0,31,590000.0,415.0,13
1001,117,14,0,5,540000.0,275.0,13
1447,151,0,0,31,386400.0,224.0,13
1060,296,9,0,31,408000.0,292.0,13
613,145,7,2,19,230000.0,79.0,13
564,163,6,0,31,800000.0,519.0,13
1717,234,9,0,31,228000.0,163.0,13
1517,246,9,2,31,285000.0,219.0,13
1432,242,6,0,31,240000.0,179.0,13
485,47,9,2,8,398700.0,150.0,13
1613,273,6,0,31,249998.0,161.0,13
594,145,7,0,31,236000.0,143.0,13
178,104,6,0,31,608299.0,435.0,13
1105,117,14,0,31,549900.0,391.0,13
445,107,0,0,22,980000.0,131.0,13
23,212,14,2,39,310000.0,250.0,13
1486,149,0,2,31,385000.0,325.0,13
1045,145,7,2,31,210000.0,167.0,13
1552,148,13,2,31,580000.0,284.0,13
1634,237,3,2,39,510000.0,431.0,13
1493,1,1,0,32,561200.0,270.0,13
1085,36,8,2,11,350000.0,278.0,13
1120,176,8,2,31,190000.0,199.0,13
167,113,14,0,31,370000.0,269.0,13
438,74,15,0,19,350000.0,98.0,13
1165,234,9,2,24,370000.0,126.0,13
1746,168,7,0,31,210000.0,144.0,13
1128,117,14,0,19,575000.0,205.0,13
631,205,14,0,31,800000.0,495.0,13
996,35,9,2,31,240000.0,166.0,13
1187,155,9,2,31,250000.0,184.0,13
267,205,14,3,31,929000.0,510.0,13
1123,177,6,0,31,490000.0,222.0,13
1646,176,8,0,35,340000.0,251.0,13
1070,29,14,0,31,450000.0,227.0,13
1781,240,14,0,31,600000.0,382.0,13
991,203,6,0,31,305000.0,200.0,13
1734,174,0,0,31,610000.0,312.0,13
596,183,14,2,31,250000.0,200.0,13
1056,300,5,0,35,260000.0,156.0,13
1020,14,14,0,31,390000.0,434.0,13
577,124,14,0,31,600000.0,302.0,13
1589,225,14,0,31,615000.0,354.0,13
1149,124,14,0,31,480000.0,240.0,13
1146,299,0,2,31,670000.0,499.0,13
1422,196,8,0,31,590000.0,400.0,13
1740,150,1,0,24,280000.0,177.0,13
800,238,14,0,19,1490000.0,536.0,13
1090,263,1,0,24,380000.0,186.0,13
1052,235,14,0,39,455000.0,340.0,13
1588,225,14,0,31,390000.0,290.0,13
1694,124,14,0,44,420000.0,346.0,13
1400,96,0,0,32,550000.0,188.0,13
1006,278,5,0,31,270000.0,207.0,13
287,95,9,2,31,309800.0,241.0,13
1319,38,0,0,31,365000.0,246.0,13
787,200,14,2,35,600000.0,309.0,13
1348,124,14,0,31,400000.0,253.0,13
1210,212,14,2,31,300000.0,293.0,13
611,145,7,0,31,250000.0,156.0,13
997,142,14,0,24,450000.0,215.0,13
521,155,9,2,31,288800.0,179.0,13
402,145,7,2,31,360000.0,227.0,13
1271,274,0,2,31,330000.0,206.0,13
1568,65,14,2,19,929000.0,550.0,13
1190,165,5,2,31,300000.0,184.0,13
498,28,3,0,24,1270000.0,624.0,13
1096,248,9,0,31,368800.0,180.0,13
1583,177,6,0,31,300000.0,195.0,13
439,64,2,0,32,325000.0,61.0,13
1810,71,14,2,0,180000.0,224.0,13
375,101,8,0,14,780000.0,592.0,13
316,249,0,0,0,330000.0,281.0,13
346,240,14,2,16,170000.0,287.0,13
319,205,14,2,14,220000.0,204.0,13
1893,40,8,0,14,595000.0,688.0,13
4,200,14,2,14,430000.0,422.0,13
863,238,14,0,0,325000.0,397.0,13
265,225,14,0,0,290000.0,306.0,13
59,166,5,2,30,330000.0,457.0,13
60,205,14,0,14,580000.0,406.0,13
41,279,8,0,14,2550000.0,1140.0,13
1838,14,14,2,16,170000.0,231.0,13
1796,285,0,0,16,150000.0,258.0,13
914,253,14,0,0,380000.0,373.0,13
467,166,5,0,0,220000.0,230.0,13
573,219,14,0,30,530000.0,614.0,13
704,65,3,0,14,328000.0,401.0,13
1930,173,3,0,14,630000.0,452.0,13
1918,240,14,2,0,170000.0,179.0,13
647,198,0,0,0,339000.0,331.0,13
504,107,0,2,30,388000.0,388.0,13
246,205,14,2,14,495000.0,393.0,13
1861,40,8,0,14,620000.0,472.0,13
889,205,14,0,0,320000.0,407.0,13
434,107,0,0,30,370000.0,373.0,13
242,212,14,0,0,210000.0,263.0,13
662,2,14,2,0,320000.0,372.0,13
648,2,14,2,16,190000.0,249.0,13
240,229,3,2,14,400000.0,394.0,13
1833,205,14,2,16,105000.0,147.0,13
681,26,14,2,0,460000.0,497.0,13
871,301,3,2,14,1000000.0,584.0,13
1932,121,3,2,0,285000.0,331.0,13
48,52,3,0,0,425000.0,429.0,13
1836,53,8,0,0,260000.0,371.0,13
473,173,3,0,14,1300000.0,667.0,13
1867,72,3,0,14,1835000.0,949.0,13
221,128,12,2,0,265000.0,352.0,13
212,204,14,2,16,155000.0,203.0,13
556,173,3,0,14,695000.0,538.0,13
470,65,3,0,14,298000.0,344.0,13
848,107,0,2,30,400000.0,402.0,13
508,56,8,0,16,150000.0,221.0,13
1800,188,0,2,16,130000.0,183.0,13
432,148,13,2,14,650000.0,647.0,13
1805,33,3,2,16,130000.0,183.0,13
410,254,8,0,14,830700.0,607.0,13
509,185,12,2,0,210000.0,269.0,13
411,254,8,0,0,400000.0,453.0,13
57,52,3,0,0,270000.0,366.0,13
40,124,14,0,0,280000.0,314.0,13
1834,177,6,0,16,120000.0,177.0,13
696,200,14,0,30,380000.0,841.0,13
339,198,0,0,0,360000.0,342.0,13
345,240,14,2,16,230000.0,330.0,13
650,253,14,0,30,510000.0,608.0,13
1803,285,0,0,16,53000.0,77.0,13
1854,7,8,2,0,310000.0,394.0,13
229,52,3,0,14,320000.0,258.0,13
91,272,9,2,31,427500.0,273.0,12
1543,168,7,0,24,397900.0,139.0,12
1584,284,12,2,31,365000.0,250.0,12
71,263,1,0,31,220000.0,180.0,12
1385,288,14,0,31,455000.0,324.0,12
834,200,14,0,31,825000.0,610.0,12
830,200,14,0,31,1190000.0,687.0,12
825,253,14,0,31,922500.0,508.0,12
1255,95,9,2,8,252500.0,192.0,12
278,95,9,0,31,309550.0,213.0,12
1177,148,13,2,31,722500.0,254.0,12
1260,95,9,2,20,328800.0,145.0,12
281,117,14,2,24,446635.0,272.0,12
1414,124,14,0,31,420000.0,312.0,12
950,120,8,0,31,481287.0,268.0,12
1101,177,6,0,31,345000.0,193.0,12
716,255,8,0,29,526500.0,321.0,12
1,95,9,0,31,298880.0,194.0,12
1038,151,0,0,31,344000.0,204.0,12
359,261,7,2,31,238000.0,169.0,12
522,95,9,2,38,434500.0,263.0,12
927,191,7,1,31,288000.0,184.0,12
941,136,9,0,31,269800.0,203.0,12
1653,124,14,0,31,620000.0,515.0,12
497,248,9,0,19,628000.0,210.0,12
1465,245,6,2,31,90000.0,64.0,12
1614,29,14,0,31,390900.0,273.0,12
993,262,1,0,24,269800.0,188.0,12
1917,95,9,2,31,398380.0,296.0,12
489,285,0,0,31,788800.0,563.0,12
494,95,9,0,31,568880.0,323.0,12
1137,269,9,2,31,468800.0,367.0,12
1325,29,14,0,35,442500.0,270.0,12
1433,192,8,0,35,237500.0,204.0,12
90,266,5,2,31,310000.0,193.0,12
1689,301,3,0,31,505000.0,566.0,12
715,157,13,0,31,80000.0,74.0,12
280,254,8,0,31,815000.0,484.0,12
1004,106,1,0,31,200000.0,185.0,12
1650,95,9,2,31,237500.0,190.0,12
1379,38,0,0,31,495805.0,354.0,12
525,130,13,2,31,571500.0,263.0,12
1472,164,0,0,31,295000.0,341.0,12
1259,95,9,0,31,380400.0,229.0,12
1249,30,14,2,31,300000.0,198.0,12
1251,154,12,2,31,250000.0,152.0,12
1638,248,9,0,35,499000.0,251.0,12
1534,180,1,0,31,262500.0,182.0,12
840,145,7,2,20,260000.0,65.0,12
1205,107,0,0,4,744000.0,257.0,12
17,233,14,0,31,475000.0,397.0,12
392,96,0,0,31,850000.0,451.0,12
608,145,7,0,31,160000.0,229.0,12
1755,203,6,2,31,175000.0,140.0,12
1327,160,9,0,35,300000.0,238.0,12
446,105,3,2,3,675000.0,207.0,12
1308,248,9,0,31,279400.0,178.0,12
1232,75,5,0,38,413000.0,244.0,12
1665,230,14,0,31,598000.0,301.0,12
1593,22,6,0,31,271000.0,188.0,12
440,119,15,0,3,330000.0,115.0,12
292,148,13,2,31,176050.0,166.0,12
814,240,14,2,31,1073250.0,560.0,12
1655,65,14,0,31,561000.0,447.0,12
1341,32,5,2,31,300000.0,202.0,12
1357,32,5,2,31,275000.0,232.0,12
1644,41,1,0,31,235000.0,149.0,12
1096,126,0,0,6,360000.0,153.0,12
125,205,14,1,31,635000.0,347.0,12
1672,47,9,2,31,300000.0,194.0,12
1377,38,0,0,31,327500.0,233.0,12
1659,65,3,2,31,705000.0,370.0,12
1125,95,9,2,31,188500.0,216.0,12
1732,124,14,2,31,382500.0,286.0,12
1695,120,8,0,5,425000.0,236.0,12
1162,212,14,2,31,350000.0,248.0,12
1664,38,0,0,31,301500.0,201.0,12
1019,56,8,0,19,620000.0,248.0,12
1617,56,8,0,31,589000.0,405.0,12
1039,176,8,0,31,374160.0,299.0,12
931,148,13,1,24,509444.0,250.0,12
1073,292,7,0,31,288000.0,139.0,12
1273,126,0,0,31,180000.0,182.0,12
1361,117,14,0,35,543000.0,232.0,12
328,276,14,2,33,2161500.0,590.0,12
1023,268,5,0,31,252500.0,160.0,12
1053,166,5,0,3,392500.0,219.0,12
1526,210,6,0,31,300000.0,202.0,12
951,187,6,0,24,230000.0,145.0,12
965,167,9,2,31,250000.0,239.0,12
1099,126,0,0,35,215000.0,167.0,12
95,301,3,2,31,840000.0,428.0,12
1505,244,8,0,31,275000.0,219.0,12
1656,174,0,0,31,394000.0,243.0,12
570,96,0,0,39,500000.0,320.0,12
1436,192,8,0,27,350000.0,245.0,12
1509,2,14,2,24,420000.0,507.0,12
1040,38,0,0,31,300000.0,195.0,12
563,163,6,0,31,960000.0,464.0,12
1010,124,14,0,31,866000.0,352.0,12
1030,55,6,0,31,300000.0,151.0,12
1272,65,14,0,31,390000.0,376.0,12
775,124,14,0,35,625000.0,347.0,12
1733,193,12,2,31,432500.0,256.0,12
1570,263,1,0,31,265000.0,204.0,12
1718,249,0,0,31,400000.0,495.0,12
969,113,14,0,31,485000.0,389.0,12
1223,193,12,2,31,350000.0,390.0,12
1619,103,14,0,24,790000.0,272.0,12
821,249,0,0,39,280000.0,274.0,12
304,7,8,2,16,190000.0,309.0,12
257,269,9,0,14,300000.0,220.0,12
1841,148,13,2,17,65500.0,139.0,12
52,91,14,0,16,150000.0,192.0,12
555,173,3,0,14,1475000.0,650.0,12
693,237,3,2,14,475000.0,381.0,12
412,254,8,0,0,340000.0,452.0,12
671,96,0,0,14,708000.0,485.0,12
379,52,3,0,14,452500.0,421.0,12
64,281,8,0,14,289000.0,419.0,12
560,121,3,2,16,220000.0,326.0,12
873,238,14,0,16,200000.0,300.0,12
649,285,0,2,30,390000.0,423.0,12
675,53,8,2,0,370000.0,360.0,12
920,18,14,2,30,181500.0,255.0,12
7,2,14,2,30,335000.0,675.0,12
217,65,3,2,14,380000.0,420.0,12
1822,2,14,2,16,170000.0,275.0,12
643,49,3,2,14,367500.0,388.0,12
698,15,8,0,0,192500.0,298.0,12
1811,107,0,2,0,265000.0,308.0,12
1884,257,3,2,14,467500.0,540.0,12
876,213,8,0,14,786500.0,566.0,12
543,229,3,2,0,295000.0,347.0,12
659,82,8,2,16,245000.0,348.0,12
746,294,14,2,14,495000.0,445.0,12
1842,148,13,2,16,66000.0,133.0,12
909,253,14,0,30,470000.0,470.0,12
510,2,3,0,30,530000.0,598.0,12
268,96,0,0,30,446150.0,437.0,12
248,79,8,0,0,330000.0,483.0,12
231,7,8,0,16,220000.0,319.0,12
220,51,3,0,30,499600.0,805.0,12
683,99,3,0,14,295000.0,293.0,12
645,24,14,2,14,692500.0,469.0,12
764,21,14,0,0,340000.0,430.0,12
1878,112,3,0,30,1497050.0,1563.0,12
383,23,14,0,14,650000.0,479.0,12
1876,253,14,2,14,545000.0,446.0,12
1830,56,8,0,16,75000.0,136.0,12
224,128,12,2,0,185000.0,402.0,12
344,237,3,2,16,190000.0,271.0,12
709,207,11,0,16,250000.0,357.0,12
42,233,14,0,0,130000.0,185.0,12
259,67,14,0,14,364315.0,284.0,12
905,279,8,0,30,1130000.0,851.0,12
1941,174,0,0,0,155000.0,220.0,12
464,225,14,0,0,262500.0,329.0,12
858,229,3,2,14,342500.0,385.0,12
274,164,0,0,30,410000.0,414.0,12
1929,124,14,0,0,330000.0,336.0,12
652,65,3,2,0,377500.0,512.0,12
665,233,14,0,16,132500.0,166.0,12
912,253,14,0,0,282500.0,345.0,12
1894,295,12,2,0,195000.0,234.0,12
454,237,3,0,30,500000.0,533.0,12
546,177,6,0,30,260000.0,446.0,12
1870,279,8,0,14,570000.0,544.0,12
1848,295,12,2,0,160000.0,263.0,12
1161,255,8,0,35,408000.0,264.0,11
1360,95,9,2,31,280000.0,247.0,11
1725,95,9,0,31,370000.0,250.0,11
791,44,14,0,31,465000.0,357.0,11
1331,33,3,2,31,590000.0,586.0,11
1461,244,8,0,31,290000.0,248.0,11
356,231,6,0,31,568000.0,397.0,11
1158,45,5,1,24,320000.0,204.0,11
114,48,13,2,35,500000.0,250.0,11
726,255,8,0,35,560000.0,345.0,11
938,269,9,0,19,369900.0,128.0,11
1606,210,6,0,31,390000.0,231.0,11
1439,35,9,2,31,290000.0,168.0,11
1253,124,14,0,31,500000.0,325.0,11
1371,95,9,2,31,399880.0,211.0,11
1294,37,9,0,11,318800.0,177.0,11
357,232,6,0,35,755000.0,236.0,11
600,232,6,0,36,580000.0,207.0,11
1515,86,9,2,31,140000.0,117.0,11
1407,59,8,0,31,1230800.0,778.0,11
1074,227,6,2,31,397083.0,244.0,11
721,191,7,0,31,260000.0,186.0,11
1448,55,6,0,31,260000.0,209.0,11
1215,63,7,2,31,243750.0,158.0,11
1444,244,8,0,35,575000.0,374.0,11
1186,203,6,2,35,375000.0,173.0,11
1440,95,9,2,10,435240.0,182.0,11
1464,222,0,0,31,363500.0,190.0,11
1540,114,9,2,31,239800.0,171.0,11
722,298,14,0,24,1150000.0,760.0,11
928,261,7,2,31,340000.0,134.0,11
1102,230,14,2,31,381000.0,272.0,11
1160,137,1,0,24,350260.0,148.0,11
1602,10,9,0,24,317800.0,187.0,11
1332,243,9,0,31,288000.0,187.0,11
1608,95,9,2,31,280000.0,183.0,11
1320,100,5,2,11,220000.0,144.0,11
842,272,9,2,44,608000.0,294.0,11
360,124,14,0,19,1120000.0,334.0,11
1165,149,0,0,31,488000.0,290.0,11
944,211,7,2,31,200000.0,168.0,11
756,56,8,0,19,860000.0,329.0,11
1416,2,14,2,31,530000.0,500.0,11
1338,202,0,0,35,366000.0,234.0,11
933,205,14,2,24,756000.0,538.0,11
1762,171,0,0,31,260000.0,214.0,11
1696,107,0,0,35,738000.0,289.0,11
809,238,14,0,31,700000.0,507.0,11
1419,174,0,0,31,498000.0,282.0,11
1754,255,8,0,24,670000.0,246.0,11
1715,32,5,2,31,388000.0,250.0,11
1210,32,5,1,31,380000.0,269.0,11
1612,263,1,0,31,175000.0,155.0,11
1531,164,0,3,31,780000.0,393.0,11
772,240,14,2,31,450000.0,321.0,11
1138,71,14,0,31,685000.0,393.0,11
989,35,9,2,31,275000.0,151.0,11
975,9,5,2,31,300000.0,219.0,11
1182,14,14,2,31,330000.0,322.0,11
1142,231,6,0,31,275000.0,238.0,11
389,22,6,0,31,580000.0,309.0,11
321,148,13,2,31,600000.0,254.0,11
1181,56,8,0,31,400000.0,268.0,11
595,23,14,0,31,748000.0,508.0,11
1652,95,9,2,35,250000.0,146.0,11
771,200,14,3,32,695000.0,162.0,11
1676,298,14,2,31,280000.0,250.0,11
1541,168,7,0,31,137000.0,186.0,11
1044,58,5,0,35,280000.0,182.0,11
1692,223,3,2,31,650000.0,441.0,11
444,2,14,2,31,420000.0,405.0,11
1007,120,8,0,24,310000.0,215.0,11
838,258,14,2,31,575000.0,463.0,11
1573,296,9,2,31,260000.0,179.0,11
734,48,13,2,31,270000.0,196.0,11
1365,35,9,2,31,260000.0,186.0,11
1028,109,8,0,31,625000.0,375.0,11
1292,150,1,0,31,395000.0,318.0,11
1510,95,9,0,31,240000.0,180.0,11
149,35,9,0,31,825510.0,320.0,11
131,201,1,0,31,326800.0,267.0,11
1690,214,6,0,24,280000.0,128.0,11
1169,273,6,0,31,200000.0,159.0,11
948,258,14,0,31,872000.0,464.0,11
1091,299,0,0,31,630000.0,427.0,11
530,175,14,0,32,1430000.0,858.0,11
1013,267,5,0,31,240000.0,118.0,11
1088,140,7,0,31,289000.0,202.0,11
1195,38,0,0,24,235000.0,100.0,11
932,148,13,3,31,730000.0,362.0,11
205,50,5,1,31,300000.0,169.0,11
1654,208,6,1,31,190000.0,122.0,11
1157,45,5,3,31,300000.0,207.0,11
1062,263,1,0,35,230000.0,131.0,11
1542,168,7,0,31,308000.0,185.0,11
1076,117,14,2,31,360000.0,276.0,11
1390,56,8,0,31,350000.0,310.0,11
1264,60,9,0,31,255000.0,190.0,11
1636,38,0,0,31,380000.0,234.0,11
1150,247,0,0,31,405900.0,231.0,11
1081,65,14,3,31,830000.0,473.0,11
1222,242,6,0,8,143000.0,129.0,11
1184,56,8,0,31,375000.0,310.0,11
1333,276,14,0,31,390000.0,219.0,11
983,263,1,0,31,200000.0,192.0,11
1178,244,8,0,24,495000.0,299.0,11
1504,148,13,2,31,400000.0,179.0,11
1648,249,0,0,34,650000.0,426.0,11
1485,249,0,0,22,900000.0,264.0,11
1904,253,14,0,31,915000.0,515.0,11
610,122,15,1,3,360000.0,83.0,11
1467,172,13,2,2,680000.0,114.0,11
1197,33,3,2,31,820000.0,442.0,11
939,218,12,2,31,400000.0,322.0,11
1487,249,0,0,11,600000.0,357.0,11
1597,130,13,0,31,320000.0,248.0,11
785,27,14,2,31,360000.0,360.0,11
1302,269,9,0,35,405000.0,193.0,11
768,27,14,2,31,550000.0,406.0,11
1773,65,3,0,31,625000.0,362.0,11
1107,38,0,0,31,439800.0,260.0,11
1502,174,0,0,35,560000.0,259.0,11
130,246,9,2,31,310000.0,220.0,11
532,106,1,0,35,410400.0,267.0,11
1036,50,5,0,31,438000.0,227.0,11
1411,288,14,0,24,365000.0,277.0,11
1547,226,0,0,31,270000.0,259.0,11
953,274,0,0,31,335000.0,357.0,11
1113,75,5,0,31,320000.0,188.0,11
980,38,0,0,31,410000.0,254.0,11
294,225,14,0,24,675000.0,366.0,11
1245,186,9,0,31,498800.0,357.0,11
1669,132,0,0,31,340000.0,167.0,11
1723,107,0,0,24,615000.0,250.0,11
1631,230,14,2,31,400000.0,156.0,11
151,276,14,2,31,300000.0,209.0,11
1213,172,13,2,31,180000.0,179.0,11
1462,244,8,0,31,440000.0,338.0,11
452,128,12,2,24,950000.0,256.0,11
1795,285,0,0,16,150000.0,263.0,11
622,240,14,2,16,212000.0,292.0,11
1815,218,12,2,16,125000.0,228.0,11
1913,36,8,0,30,320000.0,628.0,11
43,113,14,0,0,220000.0,198.0,11
551,65,3,2,16,245000.0,305.0,11
691,107,0,0,14,499000.0,279.0,11
1911,253,14,2,14,500000.0,372.0,11
892,205,14,0,0,380000.0,471.0,11
422,96,0,0,14,873000.0,601.0,11
271,96,0,0,0,400000.0,418.0,11
893,7,8,2,0,278000.0,392.0,11
888,240,14,2,14,450000.0,324.0,11
1813,7,8,0,0,250000.0,436.0,11
300,147,3,2,14,280000.0,287.0,11
1812,2,14,2,0,158000.0,195.0,11
32,270,3,2,14,450000.0,370.0,11
250,65,3,0,16,138000.0,242.0,11
208,2,14,2,16,139900.0,243.0,11
1922,96,0,0,0,380000.0,327.0,11
9,65,14,0,14,400000.0,403.0,11
918,24,14,2,0,380000.0,392.0,11
878,249,0,0,14,370000.0,334.0,11
5,3,3,0,14,3200728.0,1224.0,11
477,205,14,2,30,470000.0,459.0,11
745,164,0,0,0,210000.0,260.0,11
38,121,14,0,0,320000.0,353.0,11
241,65,3,2,14,400000.0,392.0,11
318,270,3,0,14,485000.0,417.0,11
676,56,8,0,16,200000.0,315.0,11
1945,107,0,2,0,225000.0,488.0,11
397,38,0,0,14,320000.0,303.0,11
697,196,8,0,0,280000.0,314.0,11
505,98,3,0,14,840000.0,541.0,11
317,73,3,2,16,130000.0,216.0,11
1868,112,3,0,30,4045824.0,1038.0,11
1887,72,3,0,14,1380000.0,787.0,11
1784,7,8,0,16,270000.0,402.0,11
369,98,3,0,14,265000.0,314.0,11
585,148,13,2,14,470000.0,408.0,11
47,223,3,0,14,1050000.0,619.0,11
507,274,0,2,0,285000.0,285.0,11
50,68,14,2,16,133000.0,205.0,11
1873,67,14,0,30,170000.0,304.0,11
537,81,7,0,0,550000.0,650.0,11
553,107,0,0,0,520000.0,358.0,11
471,65,3,0,14,350000.0,367.0,11
51,233,14,0,0,36000.0,54.0,11
372,203,6,0,14,300000.0,321.0,11
1789,279,8,0,0,268000.0,410.0,11
218,124,14,0,0,300000.0,346.0,11
1938,65,3,2,14,410000.0,451.0,11
907,107,0,2,16,200000.0,264.0,11
398,2,3,0,30,400000.0,431.0,11
269,39,8,0,14,485000.0,518.0,11
925,51,3,0,30,510000.0,902.0,11
571,24,14,2,14,830000.0,520.0,11
703,56,8,0,14,470000.0,370.0,11
702,65,3,0,14,426000.0,362.0,11
1864,253,14,0,30,455000.0,880.0,11
1927,124,14,0,0,300000.0,280.0,11
707,240,14,2,16,300000.0,376.0,11
227,66,3,0,14,460000.0,417.0,11
1885,107,0,0,14,528000.0,302.0,11
214,33,14,0,16,170000.0,253.0,11
916,7,8,0,16,138000.0,232.0,11
897,270,3,2,16,197000.0,353.0,11
340,96,0,0,14,465000.0,455.0,11
1877,2,14,2,0,210000.0,224.0,11
1889,173,3,0,14,1120000.0,561.0,11
35,272,9,2,0,250000.0,287.0,11
1895,166,5,2,0,478000.0,440.0,11
371,43,7,0,0,210000.0,298.0,11
239,270,3,0,14,540000.0,442.0,11
1818,244,8,0,16,100000.0,186.0,11
678,51,3,2,30,5460000.0,1515.0,11
885,148,13,2,14,450000.0,400.0,11
225,212,14,2,16,165000.0,207.0,11
528,148,13,2,0,295000.0,345.0,11
1821,65,14,0,16,165000.0,218.0,11
247,233,14,2,0,85000.0,117.0,11
1804,196,8,0,16,70000.0,133.0,11
1890,40,8,0,14,639700.0,527.0,11
367,67,14,0,30,210000.0,415.0,11
1940,59,8,0,0,220000.0,294.0,11
419,124,14,0,0,300000.0,398.0,11
1875,52,3,0,14,950000.0,621.0,11
689,65,3,2,14,450000.0,371.0,11
535,39,8,2,14,498000.0,476.0,11
394,259,8,2,0,250000.0,375.0,11
376,2,14,2,0,305000.0,322.0,11
355,107,0,0,0,350000.0,260.0,11
706,5,14,2,14,420000.0,400.0,11
253,76,3,0,14,1765800.0,913.0,11
919,36,8,2,0,330000.0,333.0,11
1798,65,3,0,16,110000.0,165.0,11
561,67,14,0,30,400000.0,400.0,11
58,237,3,2,14,493000.0,455.0,11
395,241,13,2,0,450000.0,593.0,11
541,112,3,0,14,430000.0,459.0,11
673,85,14,0,30,560000.0,708.0,11
653,205,14,0,16,162500.0,250.0,11
1797,285,0,0,16,150000.0,228.0,11
161,225,14,0,31,561000.0,277.0,10
1354,205,14,0,31,1075000.0,475.0,10
1072,286,1,0,24,195000.0,122.0,10
1662,251,3,0,31,1807500.0,866.0,10
1231,0,5,0,13,205000.0,173.0,10
729,35,9,2,31,97500.0,77.0,10
1012,56,8,0,31,279000.0,282.0,10
1625,267,5,0,31,260000.0,174.0,10
839,240,14,2,35,690000.0,414.0,10
1280,131,1,0,31,225000.0,173.0,10
1186,27,14,2,31,440000.0,365.0,10
1111,77,5,3,31,245000.0,187.0,10
285,290,8,0,31,750000.0,536.0,10
1620,297,14,2,31,640000.0,359.0,10
1630,297,14,0,31,1260000.0,611.0,10
1326,38,0,0,24,220000.0,194.0,10
1719,98,3,0,31,575000.0,417.0,10
1244,297,14,2,31,600000.0,452.0,10
124,240,14,2,5,591500.0,400.0,10
836,200,14,0,35,842500.0,472.0,10
1304,276,14,2,31,435000.0,244.0,10
1063,16,1,0,19,438488.0,152.0,10
1581,168,7,0,31,257500.0,146.0,10
146,201,1,0,11,408900.0,156.0,10
1567,149,0,0,31,500000.0,426.0,10
1412,80,6,0,31,350000.0,246.0,10
1628,117,14,2,31,332500.0,246.0,10
1408,256,14,2,31,343440.0,147.0,10
1409,166,5,0,35,250000.0,147.0,10
1350,56,8,0,24,512500.0,348.0,10
1290,161,1,0,19,445000.0,270.0,10
1364,124,14,0,24,506100.0,349.0,10
1757,38,0,0,24,646076.0,311.0,10
1337,275,0,0,31,100000.0,104.0,10
1387,208,6,0,19,401531.0,143.0,10
1627,137,1,0,19,379505.0,147.0,10
755,148,13,2,31,372500.0,198.0,10
1466,80,6,2,31,90000.0,64.0,10
723,65,3,0,31,1770000.0,978.0,10
593,261,7,0,19,380000.0,121.0,10
591,230,14,2,31,395000.0,211.0,10
1520,113,14,0,31,752400.0,561.0,10
400,124,14,0,31,1205000.0,532.0,10
1367,145,7,0,35,289000.0,184.0,10
1375,170,5,0,8,398800.0,147.0,10
1098,83,9,0,31,265000.0,189.0,10
1059,150,1,0,31,383000.0,242.0,10
1667,250,13,3,31,295000.0,106.0,10
1641,242,6,3,31,356500.0,247.0,10
966,145,7,0,31,266500.0,175.0,10
26,4,6,0,31,614500.0,418.0,10
1288,145,7,2,31,285000.0,165.0,10
1522,58,5,0,19,422300.0,126.0,10
1031,210,6,0,19,1103000.0,335.0,10
1450,140,7,0,35,326300.0,115.0,10
516,145,7,0,31,314500.0,169.0,10
1075,227,6,2,31,295000.0,224.0,10
1289,161,1,0,24,490000.0,303.0,10
1944,263,1,0,31,357900.0,233.0,10
181,248,9,0,11,220000.0,138.0,10
1710,117,14,0,19,504850.0,161.0,10
275,244,8,0,31,627000.0,462.0,10
1315,159,6,0,31,418000.0,217.0,10
1645,38,0,0,31,594150.0,341.0,10
1451,293,9,2,31,305000.0,218.0,10
1434,192,8,0,19,499000.0,214.0,10
1425,203,6,0,31,292045.0,209.0,10
1586,71,14,2,31,640000.0,457.0,10
1456,143,5,0,31,334000.0,216.0,10
1118,117,14,1,31,423250.0,322.0,10
1217,56,8,0,8,414500.0,330.0,10
361,285,0,0,31,906950.0,413.0,10
529,162,2,0,2,342500.0,97.0,10
443,2,14,2,3,372500.0,128.0,10
605,186,9,2,24,210000.0,212.0,10
1555,35,9,2,31,288000.0,180.0,10
1560,54,5,0,28,200000.0,136.0,10
1180,176,8,0,34,310500.0,251.0,10
78,145,7,2,31,202500.0,159.0,10
1342,32,5,2,31,256500.0,211.0,10
238,67,14,0,39,352500.0,209.0,10
639,263,1,0,19,420000.0,131.0,10
1529,211,7,0,31,272500.0,251.0,10
1000,272,9,2,31,194000.0,177.0,10
1144,244,8,0,31,815000.0,533.0,10
1139,177,6,0,31,310000.0,177.0,10
168,299,0,0,31,580000.0,393.0,10
1154,188,0,0,31,497250.0,286.0,10
428,148,13,2,3,865000.0,274.0,10
291,230,14,2,31,499500.0,200.0,10
188,145,7,2,24,200000.0,96.0,10
1314,259,8,0,31,865000.0,596.0,10
365,130,13,2,35,341500.0,152.0,10
1403,137,1,0,24,347500.0,186.0,10
1170,149,0,0,31,318000.0,307.0,10
488,96,0,0,31,385000.0,358.0,10
519,35,9,2,31,230000.0,164.0,10
1096,285,0,3,35,425000.0,256.0,10
781,200,14,2,5,1237500.0,254.0,10
203,94,14,2,24,700000.0,263.0,10
1061,148,13,2,31,245000.0,187.0,10
999,43,7,0,31,460000.0,309.0,10
730,265,9,2,31,115000.0,77.0,10
1191,126,0,0,31,240000.0,179.0,10
808,238,14,0,19,789000.0,473.0,10
1599,71,14,0,19,910500.0,233.0,10
1423,190,5,2,24,235000.0,165.0,10
1008,278,5,0,31,488000.0,311.0,10
1693,226,0,0,31,280000.0,278.0,10
952,124,14,0,31,655000.0,410.0,10
960,95,9,0,31,337500.0,224.0,10
1497,95,9,2,35,290000.0,195.0,10
1739,241,13,2,31,480000.0,272.0,10
1132,95,9,2,31,449000.0,261.0,10
